id,name,price,brand,category,cpu,cpu_speed,gpu,ram,ram_tech,storage,screen_size,screen_tech,screen_resolution,screen_frequency,operating_system,battery,rating,reviews_count,url,created_at,updated_at
335372,Laptop MacBook Air 15 inch M4 16GB/256GB,29490000,MacBook,Laptop,,,,,,,,,,,,,5.0,411,https://www.thegioididong.com/laptop/macbook-air-15-inch-m4-16gb-256gb,03/2025,2025-08-31 18:48:29
341270,"Laptop HP 15 fd0234TU - 9Q969PA-120U (Core 5 120U, 16GB, 512GB, Full HD, Win11)",16090000,HP,Laptop,,,,,,,,,,,,,5.0,133,https://www.thegioididong.com/laptop/hp-15-fd0234tu-core-5-120u-9q969pa-120u,2023,2025-08-31 18:48:29
337041,"Laptop HP Pavilion 16 af0052TU - AY8C1PA (Ultra 7 155U, 16GB, 1TB, WUXGA, OfficeHS+365, Win11)",23190000,HP,Laptop,,,,,,,,,,,,,5.0,80,https://www.thegioididong.com/laptop/hp-pavilion-16-af0052tu-ultra-7-ay8c1pa,2024,2025-08-31 18:48:30
311176,"Laptop HP Pavilion 15 eg3093TU - 8C5L4PA (i5 1335U, 16GB, 512GB, Full HD, Win11)",17390000,HP,Laptop,,,,,,,,,,,,,4.9,5462,https://www.thegioididong.com/laptop/hp-pavilion-15-eg3093tu-i5-8c5l4pa,2023,2025-08-31 18:48:30
326279,"Laptop MSI Gaming Thin 15 B12UC - 2045VN (i5 12450H, 16GB, 512GB, RTX 3050 4GB, Full HD 144Hz, Win11)",17690000,MSI,Laptop,,,,,,,,,,,,,4.9,1000,https://www.thegioididong.com/laptop/msi-thin-15-b12uc-i5-2045vn,2024,2025-08-31 18:48:30
340559,"Laptop Dell Inspiron 15 3530 - N3530-i7U161W11SLU (i7 1355U, 16GB, 1TB, Full HD 120Hz, OfficeH24+365, Win11)",21990000,Dell,Laptop,,,,,,,,,,,,,5.0,125,https://www.thegioididong.com/laptop/dell-inspiron-15-3530-i7-n3530-i7u161w11slu,2025,2025-08-31 18:48:31
330169,"Laptop Acer Gaming Predator Helios Neo PHN16 71 53M7 - NH.QLUSV.005 (i5 13500HX, 16GB, 512GB, RTX 4060 8GB, WUXGA 165Hz, Win11)",0,Acer,Laptop,,,,,,,,,,,,,4.9,1041,https://www.thegioididong.com/laptop/acer-predator-helios-neo-phn16-71-53m7-i5-nhqlusv005,2023,2025-08-31 18:48:31
340558,"Laptop Dell Inspiron 15 3530 - N3530-i5U165W11SLU-HS24 (i5 1334U, 16GB, Full HD 120Hz, OfficeH24+365, Win11)",17990000,Dell,Laptop,,,,,,,,,,,,,5.0,54,https://www.thegioididong.com/laptop/dell-inspiron-15-3530-i5-n3530-i5u165w11slu-hs24,2025,2025-08-31 18:48:32
329786,"Laptop MSI Gaming Thin 15 B13UCX - 2080VN (i5 13420H, 16GB, 512GB, RTX 2050 4GB, Full HD 144Hz, Win11)",16690000,MSI,Laptop,,,,,,,,,,,,,5.0,318,https://www.thegioididong.com/laptop/msi-thin-15-b13ucx-i5-2080vn,2024,2025-08-31 18:48:32
337420,"Laptop HP 245 G10 - B8PF9AT (R5 7530U, 8GB, 512GB, Full HD, Win11)",12190000,HP,Laptop,,,,,,,,,,,,,5.0,611,https://www.thegioididong.com/laptop/hp-245-g10-r5-b8pf9at,2025,2025-08-31 18:48:32
334689,"Laptop GIGABYTE Gaming G5 MF5 RC555 - 9RC55MF5FEIAA1VN0C0 (i5 13500H, 16GB, 512GB, RTX 4050 6GB, Full HD 144Hz, Win11)",20790000,GIGABYTE,Laptop,,,,,,,,,,,,,5.0,112,https://www.thegioididong.com/laptop/gigabyte-g5-mf5-rc555-i5-9rc55mf5feiaa1vn0c0,2023,2025-08-31 18:48:36
328237,"Laptop Asus Gaming Vivobook K3605ZF - RP745W (i5 12500H, 16GB, 512GB, RTX 2050 4GB, WUXGA 144Hz, Win11)",17490000,Asus,Laptop,,,,,,,,,,,,,4.9,4002,https://www.thegioididong.com/laptop/asus-vivobook-k3605zf-i5-rp745w,2024,2025-08-31 18:48:36
335373,Laptop MacBook Air 15 inch M4 16GB/512GB,34390000,MacBook,Laptop,,,,,,,,,,,,,5.0,107,https://www.thegioididong.com/laptop/macbook-air-15-inch-m4-16gb-512gb,03/2025,2025-08-31 18:48:37
326122,"Laptop MSI Gaming Katana 15 B13UDXK - 2077VN (i7 13620H, 16GB, 1TB, RTX 3050 6GB, Full HD 144Hz, Win11)",24290000,MSI,Laptop,,,,,,,,,,,,,4.9,919,https://www.thegioididong.com/laptop/msi-katana-15-b13udxk-i7-2077vn,2024,2025-08-31 18:48:37
313177,"Laptop Acer Gaming Aspire 7 A715 76G 5806 - NH.QMFSV.002 (i5 12450H, 16GB, 512GB, RTX 3050 4GB, Full HD 144Hz, Win11)",18690000,Acer,Laptop,,,,,,,,,,,,,4.9,1324,https://www.thegioididong.com/laptop/acer-aspire-7-gaming-a715-76g-5806-i5-nhqmfsv002,2023,2025-08-31 18:48:37
337470,"Laptop Dell Inspiron 15 3520 - 71064798 (i5 1235U, 16GB, 512GB, Full HD 120Hz, OfficeH24+365, KYHD, Win11)",15990000,Dell,Laptop,,,,,,,,,,,,,5.0,1627,https://www.thegioididong.com/laptop/dell-inspiron-15-3520-i5-71064798,2025,2025-08-31 18:48:38
326050,"Laptop HP 15 fd0303TU - A2NL4PA (i3 1315U, 8GB, 512GB, Full HD, Win11)",11390000,HP,Laptop,,,,,,,,,,,,,5.0,8656,https://www.thegioididong.com/laptop/hp-15-fd0303tu-i3-a2nl4pa,2024,2025-08-31 18:48:38
338206,"Laptop HP 240 G10 - B73TJAT (i3 1315U, 8GB, 512GB, Full HD, Win11)",11490000,HP,Laptop,,,,,,,,,,,,,5.0,260,https://www.thegioididong.com/laptop/hp-240-g10-i3-b73tjat,2024,2025-08-31 18:48:39
330162,"Laptop Asus TUF Gaming A15 FA506NFR - HN113W (R7 7435HS, 16GB, 512GB, RTX 2050 4GB, Full HD 144Hz, Win11)",17690000,Asus,Laptop,,,,,,,,,,,,,4.9,1436,https://www.thegioididong.com/laptop/asus-fa506nfr-r7-hn113w,2024,2025-08-31 18:48:40
339587,"Laptop Lenovo IdeaPad Slim 5 OLED 14AKP10 - 83HX0066VN (R7 AI 350, 32GB, 512GB, WUXGA OLED, Win11)",24690000,Lenovo,Laptop,,,,,,,,,,,,,5.0,87,https://www.thegioididong.com/laptop/lenovo-ideapad-slim-5-oled-14akp10-r7-ai-350-83hx0066vn,2025,2025-08-31 18:48:40
327097,"Laptop HP 15 fd1063TU - 9Z2Y1PA (Ultra 5 125H, 16GB, 512GB, Full HD, Win11)",17590000,HP,Laptop,,,,,,,,,,,,,4.9,1168,https://www.thegioididong.com/laptop/hp-15-fd1063tu-ultra-5-9z2y1pa,2024,2025-08-31 18:48:43
334996,"Laptop Acer Aspire Lite AL14 52M 54CJ - NX.J39SV.002 (i5 1334U, 16GB, 512GB, WUXGA, Win11)",14190000,Acer,Laptop,,,,,,,,,,,,,5.0,1366,https://www.thegioididong.com/laptop/acer-aspire-lite-al14-52m-54cj-i5-nxj39sv002,2024,2025-08-31 18:48:43
333094,"Laptop Asus Gaming ROG Strix G16 G614JU - N3509W (i7 13650HX, 32GB, 1TB, RTX 4050 6GB, Full HD+ 165Hz, Win11)",35490000,Asus,Laptop,,,,,,,,,,,,,5.0,181,https://www.thegioididong.com/laptop/asus-rog-strix-g16-g614ju-i7-n3509w,2024,2025-08-31 18:48:46
310450,"Laptop MSI Modern 15 B12MO - 487VN (i7 1255U, 16GB, 512GB, Full HD, Win11)",17390000,MSI,Laptop,,,,,,,,,,,,,4.9,1160,https://www.thegioididong.com/laptop/msi-modern-15-b12mo-i7-487vn,2023,2025-08-31 18:48:46
289472,Laptop MacBook Air 13 inch M2 16GB/256GB,19590000,MacBook,Laptop,,,,,,,,,,,,,4.9,7624,https://www.thegioididong.com/laptop/apple-macbook-air-m2-2022-16gb-256gb,6/2022,2025-08-31 18:48:47
339581,"Laptop Lenovo IdeaPad Slim 5 OLED 14AKP10 - 83HX0065VN (R5 AI 340, 32GB, 512GB, WUXGA OLED, Win11)",22390000,Lenovo,Laptop,,,,,,,,,,,,,5.0,66,https://www.thegioididong.com/laptop/lenovo-ideapad-slim-5-oled-14akp10-r5-ai-350-83hx0065vn,2025,2025-08-31 18:48:47
311178,"Laptop Asus Vivobook Go 15 E1504FA - NJ776W (R5 7520U, 16GB, 512GB, Full HD, Win11)",12390000,Asus,Laptop,,,,,,,,,,,,,4.9,22557,https://www.thegioididong.com/laptop/asus-vivobook-go-15-e1504fa-r5-nj776w,2023,2025-08-31 18:48:47
335364,Laptop MacBook Air 13 inch M4 16GB/512GB,30190000,MacBook,Laptop,,,,,,,,,,,,,5.0,995,https://www.thegioididong.com/laptop/macbook-air-13-inch-m4-16gb-512gb,03/2025,2025-08-31 18:48:48
311016,"Laptop MSI Modern 15 B12MO - 628VN (i5 1235U, 16GB, 512GB, Full HD, Win11)",12990000,MSI,Laptop,,,,,,,,,,,,,4.9,2888,https://www.thegioididong.com/laptop/msi-modern-15-b12mo-i5-628vn,2023,2025-08-31 18:48:48
326861,"Laptop MSI Gaming GF63 Thin 12VE - 460VN (i5 12450H, 16GB, 512GB, RTX 4050 6GB, Full HD 144Hz, Win11)",20290000,MSI,Laptop,,,,,,,,,,,,,4.9,2424,https://www.thegioididong.com/laptop/msi-gf63-thin-12ve-i5-460vn,2023,2025-08-31 18:48:49
231244,Laptop MacBook Air 13 inch M1 8GB/256GB (MGN63SA/A),16990000,MacBook,Laptop,,,,,,,,,,,,,4.9,13985,https://www.thegioididong.com/laptop/apple-macbook-air-2020-mgn63saa,2020,2025-08-31 18:48:50
289472,Laptop MacBook Air 13 inch M2 16GB/256GB,19590000,MacBook,Laptop,,,,,,,,,,,,,4.9,7624,https://www.thegioididong.com/laptop/apple-macbook-air-m2-2022-16gb-256gb,6/2022,2025-08-31 18:48:50
339679,"Laptop Dell Latitude 3450 - L3450-1335U-16512WN (i5 1335U, 16GB, 512GB, Full HD, Win11)",18590000,Dell,Laptop,,,,,,,,,,,,,5.0,405,https://www.thegioididong.com/laptop/dell-latitude-3450-i5-l34501335u16512wn,2024,2025-08-31 18:48:51
335372,Laptop MacBook Air 15 inch M4 16GB/256GB,29490000,MacBook,Laptop,,,,,,,,,,,,,5.0,411,https://www.thegioididong.com/laptop/macbook-air-15-inch-m4-16gb-256gb,03/2025,2025-08-31 18:48:51
328815,"Laptop HP Envy X360 14 fa0050AU - A29H8PA (R5 8640HS, 16GB, 512GB, 2.8K OLED, Cảm ứng, Win11)",25890000,HP,Laptop,,,,,,,,,,,,,5.0,280,https://www.thegioididong.com/laptop/hp-envy-x360-14-fa0050au-r5-a29h8pa,2024,2025-08-31 18:48:51
325306,Laptop Apple MacBook Air 13 inch M2 16GB/256GB/10GPU (Z160),23090000,MacBook,Laptop,,,,,,,,,,,,,5.0,901,https://www.thegioididong.com/laptop/apple-macbook-air-m2-2022-16gb-256gb-10gpu,6/2022,2025-08-31 18:48:53
339655,"Laptop Lenovo ThinkBook 16 - 21SK006YVN (Ultra 7 255H, 32GB, 1TB, WUXGA, Win11)",30790000,Lenovo,Laptop,,,,,,,,,,,,,5.0,20,https://www.thegioididong.com/laptop/lenovo-thinkbook-16-ultra-7-21sk006yvn,2025,2025-08-31 18:48:53
337472,"Laptop Dell Inspiron 15 3530 - 71053721 (i7 1355U, 16GB, 512GB, Full HD 120Hz, OfficeH24+365, Win11)",20990000,Dell,Laptop,,,,,,,,,,,,,5.0,67,https://www.thegioididong.com/laptop/dell-inspiron-15-3530-i7-71053721,2025,2025-08-31 18:48:54
332578,"Laptop Acer Aspire 7 A715 76 53PJ - NH.QGESV.007 (i5 12450H, 16GB, 512GB, Full HD, Win11)",13990000,Acer,Laptop,,,,,,,,,,,,,4.9,2199,https://www.thegioididong.com/laptop/acer-aspire-7-a715-76-53pj-i5-nhqgesv007,2023,2025-08-31 18:48:54
339212,"Laptop GIGABYTE Gaming G6 KF RC56 - 9RC56KF0HJIIXIVN000 (i7 13620H, 16GB, 512GB, RTX 4060 8GB, WUXGA 165Hz, Win11)",25690000,GIGABYTE,Laptop,,,,,,,,,,,,,5.0,15,https://www.thegioididong.com/laptop/gigabyte-g6-kf-rc56-i7-9rc56kf0hjiixivn000,2024,2025-08-31 18:48:54
336968,"Laptop MSI VenturePro 16 AI A1VEG - 003VN (Ultra 7 155H, 16GB, 512GB, RTX 4050 6GB, 2K OLED 120Hz, Win11)",33690000,MSI,Laptop,,,,,,,,,,,,,5.0,4,https://www.thegioididong.com/laptop/msi-venturepro-16-ai-a1veg-ultra-7-003vn,2025,2025-08-31 18:48:54
332450,Laptop MacBook Pro 14 inch Nano M4 Pro 24GB/512GB,51290000,MacBook,Laptop,,,,,,,,,,,,,5.0,110,https://www.thegioididong.com/laptop/macbook-pro-14-nano-m4-pro-24-512,10/2024,2025-08-31 18:48:57
328237,"Laptop Asus Gaming Vivobook K3605ZF - RP745W (i5 12500H, 16GB, 512GB, RTX 2050 4GB, WUXGA 144Hz, Win11)",17490000,Asus,Laptop,,,,,,,,,,,,,4.9,4002,https://www.thegioididong.com/laptop/asus-vivobook-k3605zf-i5-rp745w,2024,2025-08-31 18:48:57
333886,"Laptop Dell Inspiron 15 3520 - N5I5057W1 (i5 1235U, 16GB, 512GB, Full HD 120Hz, OfficeHS, Win11)",15990000,Dell,Laptop,,,,,,,,,,,,,4.9,5023,https://www.thegioididong.com/laptop/dell-inspiron-15-3520-i5-n5i5057w1,,2025-08-31 18:48:57
335555,"Laptop Lenovo IdeaPad Slim 5 14IRH10 - 83HR005YVN (i5 13420H, 16GB, 1TB, WUXGA OLED, OfficeH24+365, Win11)",19990000,Lenovo,Laptop,,,,,,,,,,,,,5.0,338,https://www.thegioididong.com/laptop/lenovo-ideapad-slim-5-oled-14irh10-i5-83hr005yvn,,2025-08-31 18:48:59
327710,"Laptop MSI Modern 14 C13M - 611VN (i5 1335U, 16GB, 512GB, Full HD, Win11)",14690000,MSI,Laptop,,,,,,,,,,,,,5.0,522,https://www.thegioididong.com/laptop/msi-modern-14-c13m-i5-611vn,2023,2025-08-31 18:49:01
272282,"Laptop Acer Gaming Nitro 5 Tiger AN515 58 52SP - NH.QFHSV.001 (i5 12500H, 8GB, 512GB, RTX 3050 4GB, Full HD 144Hz, Win11)",17990000,Acer,Laptop,,,,,,,,,,,,,4.9,1487,https://www.thegioididong.com/laptop/acer-nitro-5-tiger-an515-58-52sp-i5-nhqfhsv001,2022,2025-08-31 18:49:01
314849,"Laptop MSI Gaming Bravo 15 B7ED - 010VN (R5 7535HS, 16GB, 512GB, RX 6550M 4GB, Full HD 144Hz, Win11)",17190000,MSI,Laptop,,,,,,,,,,,,,4.9,1536,https://www.thegioididong.com/laptop/msi-bravo-15-b7ed-r5-010vn,2023,2025-08-31 18:49:01
331574,Laptop MacBook Pro 16 inch M4 Pro 24GB/512GB,63190000,MacBook,Laptop,,,,,,,,,,,,,5.0,111,https://www.thegioididong.com/laptop/macbook-pro-16-inch-m4-pro-24gb-512gb,10/2024,2025-08-31 18:49:03
334803,"Laptop Dell Inspiron 15 3530 - N5I5530W1 (i5 1334U, 16GB, 512GB, Full HD 120Hz, OfficeH24+365, Win11)",17990000,Dell,Laptop,,,,,,,,,,,,,5.0,411,https://www.thegioididong.com/laptop/dell-inspiron-15-3530-i5-n5i5530w1,2024,2025-08-31 18:49:03
341751,"Laptop GIGABYTE Gaming A16 GA6H - GAMING-A16-CTHH3VN893SH (i5 13420H, 16GB, 512GB, RTX5050 8GB, WUXGA 165Hz, Win11)",28590000,GIGABYTE,Laptop,,,,,,,,,,,,,5.0,1,https://www.thegioididong.com/laptop/gigabyte-a16-ga6h-i5-13420h-gaming-a16-cthh3vn893sh,2025,2025-08-31 18:49:03
341750,"Laptop GIGABYTE Gaming AERO X16 - GIGABYTE-AERO-X161VH93VNC64AH (R7 AI 350, 32GB, 1TB, RTX5060 8GB, WQXGA 165Hz, Win11)",37590000,GIGABYTE,Laptop,,,,,,,,,,,,,,,https://www.thegioididong.com/laptop/gigabyte-aero-x16-r7-ai-350-gigabyte-aero-x161vh93vnc64ah,2025,2025-08-31 18:49:03
332452,Laptop MacBook Pro 16 inch Nano M4 Pro 24GB/512GB,67090000,MacBook,Laptop,,,,,,,,,,,,,5.0,16,https://www.thegioididong.com/laptop/macbook-pro-16-nano-m4-pro-24-512,10/2024,2025-08-31 18:49:03
338324,"Laptop Asus Gaming Vivobook K3605VC - RP364W (i5 13420H, 16GB, 512GB, RTX 3050 4GB, WUXGA 144Hz, Win11)",19190000,Asus,Laptop,,,,,,,,,,,,,5.0,132,https://www.thegioididong.com/laptop/asus-k3605vc-i5-rp364w,2025,2025-08-31 18:49:04
335373,Laptop MacBook Air 15 inch M4 16GB/512GB,34390000,MacBook,Laptop,,,,,,,,,,,,,5.0,107,https://www.thegioididong.com/laptop/macbook-air-15-inch-m4-16gb-512gb,03/2025,2025-08-31 18:49:05
339681,"Laptop Dell Inspiron 15 3530 - P16WD22 (i5 1334U, 16GB, 512GB, Full HD 120Hz, OfficeH24+365, Win11)",17990000,Dell,Laptop,,,,,,,,,,,,,5.0,92,https://www.thegioididong.com/laptop/dell-inspiron-15-3530-i5-p16wd22,2025,2025-08-31 18:49:05
335362,Laptop MacBook Air 13 inch M4 16GB/256GB,24590000,MacBook,Laptop,,,,,,,,,,,,,4.9,3466,https://www.thegioididong.com/laptop/macbook-air-13-inch-m4-16gb-256gb,03/2025,2025-08-31 18:49:06
337044,"Laptop HP Pavilion 16 af0055TU - AY8C4PA (Ultra 5 125U, 16GB, 512GB, WUXGA, OfficeHS+365, Win11)",20190000,HP,Laptop,,,,,,,,,,,,,5.0,198,https://www.thegioididong.com/laptop/hp-pavilion-16-af0055tu-ultra-5-ay8c4pa,2024,2025-08-31 18:49:06
327050,"Laptop Lenovo Gaming LOQ 15IAX9 - 83GS00D9VN (i5 12450HX, 24GB, 512GB, RTX 3050 6GB, Full HD 144Hz, Win11)",23190000,Lenovo,Laptop,,,,,,,,,,,,,5.0,3383,https://www.thegioididong.com/laptop/lenovo-loq-15iax9-i5-83gs00d9vn,2024,2025-08-31 18:49:07
338278,"Laptop Lenovo Gaming LOQ 15ARP9 - 83JC00J0VN (R7 7435HS, 24GB, 512GB, RTX 4050 6GB, Full HD 144Hz, Win11)",26790000,Lenovo,Laptop,,,,,,,,,,,,,5.0,233,https://www.thegioididong.com/laptop/lenovo-loq-15arp9-r7-83jc00j0vn,2025,2025-08-31 18:49:08
339857,"Laptop Lenovo Gaming LOQ 15ARP9 - 83JC00KUVN (R5 7235HS, 24GB, 1TB, RTX 3050 6GB, Full HD 144Hz, Win11)",22190000,Lenovo,Laptop,,,,,,,,,,,,,5.0,181,https://www.thegioididong.com/laptop/lenovo-loq-15arp9-r5-83jc00kuvn,2025,2025-08-31 18:49:08
333103,"Laptop Dell Inspiron 15 3520 - 25P2315 (i7 1255U, 16GB, 512GB, Full HD 120Hz, OfficeHS, KYHD, Win11)",18990000,Dell,Laptop,,,,,,,,,,,,,5.0,992,https://www.thegioididong.com/laptop/dell-inspiron-15-3520-i7-25p2315,2024,2025-08-31 18:49:08
326124,"Laptop MSI Gaming Thin 15 B12UCX - 2046VN (i5 12450H, 16GB, 512GB, RTX 2050 4GB, Full HD 144Hz, Win11)",15190000,MSI,Laptop,,,,,,,,,,,,,4.9,2087,https://www.thegioididong.com/laptop/msi-thin-15-b12ucx-i5-2046vn,2024,2025-08-31 18:49:08
338312,"Laptop Dell Inspiron 14 5440 - N4I5211W1 (Core 5 120U, 16GB, 512GB, Full HD+, OfficeHS, Win11)",21990000,Dell,Laptop,,,,,,,,,,,,,5.0,83,https://www.thegioididong.com/laptop/dell-inspiron-14-5440-core-5-n4i5211w1,2024,2025-08-31 18:49:08
311178,"Laptop Asus Vivobook Go 15 E1504FA - NJ776W (R5 7520U, 16GB, 512GB, Full HD, Win11)",12390000,Asus,Laptop,,,,,,,,,,,,,4.9,22557,https://www.thegioididong.com/laptop/asus-vivobook-go-15-e1504fa-r5-nj776w,2023,2025-08-31 18:49:08
341270,"Laptop HP 15 fd0234TU - 9Q969PA-120U (Core 5 120U, 16GB, 512GB, Full HD, Win11)",16090000,HP,Laptop,,,,,,,,,,,,,5.0,133,https://www.thegioididong.com/laptop/hp-15-fd0234tu-core-5-120u-9q969pa-120u,2023,2025-08-31 18:49:08
334449,"Laptop Lenovo IdeaPad Slim 5 OLED 14AHP10 - 83HV001MVN (R7 8845HS, 32GB, 512GB, WUXGA OLED, OfficeH24+365, Win11)",22090000,Lenovo,Laptop,,,,,,,,,,,,,5.0,403,https://www.thegioididong.com/laptop/lenovo-ideapad-slim-5-14ahp10-r7-83hv001mvn,2024,2025-08-31 18:49:08
339211,"Laptop GIGABYTE Gaming A16 GA6H - GAMING-A16-CMHI2VN893SH (i7 13620H, 16GB, 512GB, RTX 4050 6GB, WUXGA 165Hz, Win11)",25890000,GIGABYTE,Laptop,,,,,,,,,,,,,5.0,22,https://www.thegioididong.com/laptop/gigabyte-a16-ga6h-i7-gaming-a16-cmhi2vn893sh,2025,2025-08-31 18:49:09
337844,"Laptop GIGABYTE Gaming G6X 9KG C6LG - 9RC6L9KGHSJIX1VN000 (i7 13650HX, 16GB, 1TB, RTX 4060 8GB, WUXGA 165Hz, Win11)",31390000,GIGABYTE,Laptop,,,,,,,,,,,,,5.0,1,https://www.thegioididong.com/laptop/gigabyte-g6x-9kg-c6lg-i7-9rc6l9kghsjix1vn000,2024,2025-08-31 18:49:09
325306,Laptop Apple MacBook Air 13 inch M2 16GB/256GB/10GPU (Z160),23090000,MacBook,Laptop,,,,,,,,,,,,,5.0,901,https://www.thegioididong.com/laptop/apple-macbook-air-m2-2022-16gb-256gb-10gpu,6/2022,2025-08-31 18:49:10
335555,"Laptop Lenovo IdeaPad Slim 5 14IRH10 - 83HR005YVN (i5 13420H, 16GB, 1TB, WUXGA OLED, OfficeH24+365, Win11)",19990000,Lenovo,Laptop,,,,,,,,,,,,,5.0,338,https://www.thegioididong.com/laptop/lenovo-ideapad-slim-5-oled-14irh10-i5-83hr005yvn,,2025-08-31 18:49:10
313973,"Laptop HP Gaming VICTUS 16 r0130TX - 8C5N5PA (i5 13500H, 16GB, 512GB, RTX 3050 6GB, Full HD 144Hz, Win11)",20590000,HP,Laptop,,,,,,,,,,,,,4.9,427,https://www.thegioididong.com/laptop/hp-gaming-victus-16-r0130tx-i5-8c5n5pa,2023,2025-08-31 18:49:10
337842,"Laptop GIGABYTE Gaming G6 MF RC56 - 9RC56MF0HJIIXIVN000 (i7 13620H, 16GB, 512GB, RTX 4050 6GB, WUXGA 165Hz, Win11)",23690000,GIGABYTE,Laptop,,,,,,,,,,,,,5.0,50,https://www.thegioididong.com/laptop/gigabyte-g6-mf-rc56-i7-9rc56mf0hjiixivn000,2024,2025-08-31 18:49:10
340564,"Laptop Asus Vivobook 15 OLED A1505VA - MA515WS (i5 13420H, 16GB, 512GB, 2.8K OLED 120Hz, OfficeH24+365, Win11)",16990000,Asus,Laptop,,,,,,,,,,,,,5.0,163,https://www.thegioididong.com/laptop/asus-vivobook-a1505va-i5-ma515ws,2025,2025-08-31 18:49:11
339683,"Laptop Asus Vivobook 14 X1404VA - EB155WS (Core 5 120U, 16GB, 512GB, Full HD, OfficeH24+365, Win11)",15490000,Asus,Laptop,,,,,,,,,,,,,5.0,276,https://www.thegioididong.com/laptop/asus-vivobook-14-x1404va-core-5-eb155ws,2025,2025-08-31 18:49:12
339202,"Laptop Acer Aspire Lite 14 AL14 51P 35QD - NX.J84SV.001 (i3 1305U, 8GB, 512GB, Full HD+, Win11)",10790000,Acer,Laptop,,,,,,,,,,,,,5.0,384,https://www.thegioididong.com/laptop/acer-aspire-lite-14-al14-51p-35qd-i3-nxj84sv001,2025,2025-08-31 18:49:12
334794,"Laptop Asus Vivobook 16 X1605VA - MB1876WS (i5 13420H, 16GB, 512GB, WUXGA, OfficeH24+365, Win11)",15190000,Asus,Laptop,,,,,,,,,,,,,5.0,707,https://www.thegioididong.com/laptop/asus-vivobook-16-x1605va-i5-mb1876ws,2025,2025-08-31 18:49:12
332451,Laptop MacBook Pro 14 inch Nano M4 Max 36GB/1TB,79790000,MacBook,Laptop,,,,,,,,,,,,,5.0,28,https://www.thegioididong.com/laptop/macbook-pro-14-nano-m4-max-36-1t,10/2024,2025-08-31 18:49:13
339681,"Laptop Dell Inspiron 15 3530 - P16WD22 (i5 1334U, 16GB, 512GB, Full HD 120Hz, OfficeH24+365, Win11)",17990000,Dell,Laptop,,,,,,,,,,,,,5.0,92,https://www.thegioididong.com/laptop/dell-inspiron-15-3530-i5-p16wd22,2025,2025-08-31 18:49:13
338316,"Laptop Dell Inspiron 15 3530 - N3530-i5U165W11SLU-BL (i5 1334U, 16GB, 512GB, Full HD 120Hz, OfficeH24+365, Win11)",17990000,Dell,Laptop,,,,,,,,,,,,,5.0,107,https://www.thegioididong.com/laptop/dell-inspiron-15-3530-i5-n3530-i5u165w11slu-bl,2025,2025-08-31 18:49:13
336967,"Laptop Acer Aspire Lite 15 AL15 71P 517D - NX.J7KSV.001 (i5 12450H, 16GB, 512GB, Full HD, Win11)",13990000,Acer,Laptop,,,,,,,,,,,,,5.0,967,https://www.thegioididong.com/laptop/acer-aspire-lite-15-al15-71p-517d-i5-nxj7ksv001,2025,2025-08-31 18:49:15
314849,"Laptop MSI Gaming Bravo 15 B7ED - 010VN (R5 7535HS, 16GB, 512GB, RX 6550M 4GB, Full HD 144Hz, Win11)",17190000,MSI,Laptop,,,,,,,,,,,,,4.9,1536,https://www.thegioididong.com/laptop/msi-bravo-15-b7ed-r5-010vn,2023,2025-08-31 18:49:17
335556,"Laptop Lenovo Gaming LOQ 15IAX9E - 83LK0079VN (i5 12450HX, 16GB, 512GB, RTX 3050 6GB, Full HD 144Hz, Win11)",19490000,Lenovo,Laptop,,,,,,,,,,,,,4.9,653,https://www.thegioididong.com/laptop/lenovo-loq-15iax9e-i5-83lk0079vn,2024,2025-08-31 18:49:17
340004,"Laptop MSI Gaming Katana 15 B13UDXK - 2410VN (i5 13420H, 16GB, 512GB, RTX 3050 6GB, Full HD 144Hz, Win11)",20690000,MSI,Laptop,,,,,,,,,,,,,5.0,8,https://www.thegioididong.com/laptop/msi-katana-15-b13udxk-i5-2410vn,2025,2025-08-31 18:49:17
339687,"Laptop Asus TUF Gaming F16 FX607VJ - RL034W (Core 5 210H, 16GB, 512GB, RTX 3050 6GB, Full HD+ 144Hz, Win11)",21690000,Asus,Laptop,,,,,,,,,,,,,5.0,125,https://www.thegioididong.com/laptop/asus-tuf-gaming-f16-fx607vj-core-5-rl034w,2025,2025-08-31 18:49:17
339211,"Laptop GIGABYTE Gaming A16 GA6H - GAMING-A16-CMHI2VN893SH (i7 13620H, 16GB, 512GB, RTX 4050 6GB, WUXGA 165Hz, Win11)",25890000,GIGABYTE,Laptop,,,,,,,,,,,,,5.0,22,https://www.thegioididong.com/laptop/gigabyte-a16-ga6h-i7-gaming-a16-cmhi2vn893sh,2025,2025-08-31 18:49:17
341752,"Laptop GIGABYTE Gaming A16 GA6H - GAMING-A16-CVHI3VN893SH (i7 13620H, 16GB, 512GB, RTX5060 8GB, WUXGA 165Hz, Win11)",32590000,GIGABYTE,Laptop,,,,,,,,,,,,,,,https://www.thegioididong.com/laptop/gigabyte-a16-ga6h-i7-13620h-gaming-a16-cvhi3vn893sh,2025,2025-08-31 18:49:17
340559,"Laptop Dell Inspiron 15 3530 - N3530-i7U161W11SLU (i7 1355U, 16GB, 1TB, Full HD 120Hz, OfficeH24+365, Win11)",21990000,Dell,Laptop,,,,,,,,,,,,,5.0,125,https://www.thegioididong.com/laptop/dell-inspiron-15-3530-i7-n3530-i7u161w11slu,2025,2025-08-31 18:49:17
331568,Laptop MacBook Pro 14 inch M4 Pro 24GB/512GB,47690000,MacBook,Laptop,,,,,,,,,,,,,5.0,668,https://www.thegioididong.com/laptop/macbook-pro-14-inch-m4-pro-24gb-512gb,10/2024,2025-08-31 18:49:17
340491,"Laptop Lenovo V14 G4 AMN - 82YT00YNVN (R5 7520U, 16GB, 512GB, Full HD, Win11)",12490000,Lenovo,Laptop,,,,,,,,,,,,,5.0,166,https://www.thegioididong.com/laptop/lenovo-v14-g4-amn-r5-82yt00ynvn,2025,2025-08-31 18:49:18
327707,"Laptop MSI Gaming Cyborg 15 A13VEK - 1423VN (i7 13620H, 16GB, 512GB, RTX 4050 6GB, Full HD 144Hz, Win11)",25190000,MSI,Laptop,,,,,,,,,,,,,5.0,651,https://www.thegioididong.com/laptop/msi-cyborg-15-a13vek-i7-1423vn,2024,2025-08-31 18:49:18
333102,"Laptop Dell Inspiron 15 3520 - N3520-i7U165W11BLU-FP (i7 1255U, 16GB, 512GB, Full HD 120Hz, OfficeHS, Win11)",18990000,Dell,Laptop,,,,,,,,,,,,,5.0,958,https://www.thegioididong.com/laptop/dell-inspiron-15-3520-i7-n3520i7u165w11blufp,2024,2025-08-31 18:49:19
335375,Laptop MacBook Air 15 inch M4 24GB/256GB,35790000,MacBook,Laptop,,,,,,,,,,,,,5.0,47,https://www.thegioididong.com/laptop/macbook-air-15-inch-m4-24gb-256gb,03/2025,2025-08-31 18:49:19
338204,"Laptop HP Gaming VICTUS 15 fa2731TX - B85LNPA (i5 13420H, 16GB, 512GB, RTX 3050 6GB, Full HD 144Hz, Win11)",20690000,HP,Laptop,,,,,,,,,,,,,4.9,148,https://www.thegioididong.com/laptop/hp-victus-15-fa2731tx-i5-b85lnpa,2024,2025-08-31 18:49:19
330932,"Laptop MSI Gaming Thin 15 B13UC - 1411VN (i7 13620H, 32GB, 512GB, RTX 3050 4GB, Full HD 144Hz, Win11)",22090000,MSI,Laptop,,,,,,,,,,,,,4.9,507,https://www.thegioididong.com/laptop/msi-thin-15-b13uc-i7-1411vn,2024,2025-08-31 18:49:21
335367,Laptop MacBook Air 13 inch M4 24GB/512GB,35190000,MacBook,Laptop,,,,,,,,,,,,,5.0,170,https://www.thegioididong.com/laptop/macbook-air-13-inch-m4-24gb-512gb,03/2025,2025-08-31 18:49:22
334998,"Laptop Acer Gaming Aspire 5 A515 58GM 598J - NX.KW1SV.002 (i5 13420H, 16GB, 512GB, RTX 2050 4GB, Full HD 144Hz, Win11)",16990000,Acer,Laptop,,,,,,,,,,,,,5.0,189,https://www.thegioididong.com/laptop/acer-aspire-5-a515-58gm-598j-i5-nxkw1sv002,2024,2025-08-31 18:49:22
331564,Laptop MacBook Pro 14 inch M4 16GB/512GB,37790000,MacBook,Laptop,,,,,,,,,,,,,5.0,1376,https://www.thegioididong.com/laptop/macbook-pro-14-inch-m4-16gb-512gb,10/2024,2025-08-31 18:49:22
322073,"Laptop Lenovo Ideapad Slim 3 15IRH8 - 83EM003FVN (i7 13620H, 16GB, 1TB, Full HD, Win11)",17190000,Lenovo,Laptop,,,,,,,,,,,,,4.9,2467,https://www.thegioididong.com/laptop/lenovo-ideapad-slim-3-15irh8-i7-83em003fvn,2023,2025-08-31 18:49:22
322100,"Laptop MSI Gaming Sword 16 HX B14VFKG - 045VN (i7 14700HX, 16GB, 1TB, RTX 4060 8GB, QHD+ 240Hz, Win11)",36690000,MSI,Laptop,,,,,,,,,,,,,4.9,192,https://www.thegioididong.com/laptop/msi-gaming-sword-16-hx-b14vfkg-i7-045vn,2024,2025-08-31 18:49:23
328235,"Laptop Asus TUF Gaming F15 FX507ZC4 - HN330W (i5 12500H, 16GB, 512GB, RTX 3050 4GB, Full HD 144Hz, Win11)",18990000,Asus,Laptop,,,,,,,,,,,,,4.9,2241,https://www.thegioididong.com/laptop/asus-gaming-tuf-f15-fx507zc4-i5-hn330w,2024,2025-08-31 18:49:23
311016,"Laptop MSI Modern 15 B12MO - 628VN (i5 1235U, 16GB, 512GB, Full HD, Win11)",12990000,MSI,Laptop,,,,,,,,,,,,,4.9,2888,https://www.thegioididong.com/laptop/msi-modern-15-b12mo-i5-628vn,2023,2025-08-31 18:49:24
338322,"Laptop Asus Vivobook S16 S3607VA - RP055WS (i5 13420H, 16GB, 512GB, WUXGA 144Hz, OfficeH24+365, Win11)",18390000,Asus,Laptop,,,,,,,,,,,,,5.0,236,https://www.thegioididong.com/laptop/asus-s3607va-i5-rp055ws,2025,2025-08-31 18:49:26
327051,"Laptop Lenovo Gaming LOQ 15ARP9 - 83JC0040VN (R7 7435HS, 24GB, 512GB, RTX 4050 6GB, Full HD 144Hz, Win11)",0,Lenovo,Laptop,,,,,,,,,,,,,5.0,1269,https://www.thegioididong.com/laptop/lenovo-loq-15arp9-r7-83jc0040vn,2024,2025-08-31 18:49:26
327097,"Laptop HP 15 fd1063TU - 9Z2Y1PA (Ultra 5 125H, 16GB, 512GB, Full HD, Win11)",17590000,HP,Laptop,,,,,,,,,,,,,4.9,1168,https://www.thegioididong.com/laptop/hp-15-fd1063tu-ultra-5-9z2y1pa,2024,2025-08-31 18:49:26
334446,"Laptop Lenovo IdeaPad Slim 3 15IRH10 - 83K1000FVN (i7 13620H, 24GB, 512GB, WUXGA, Win11)",19190000,Lenovo,Laptop,,,,,,,,,,,,,5.0,996,https://www.thegioididong.com/laptop/lenovo-ideapad-slim-3-15irh10-i7-83k1000fvn,2024,2025-08-31 18:49:26
325691,"Laptop HP 15 fd0015TU - A19C5PA (i7 1355U, 16GB, 512GB, Full HD, Win11)",19290000,HP,Laptop,,,,,,,,,,,,,4.9,3623,https://www.thegioididong.com/laptop/hp-15-fd0015tu-i7-a19c5pa,2024,2025-08-31 18:49:28
322072,"Laptop Lenovo Gaming LOQ 15IAX9 - 83GS000JVN (i5 12450HX, 16GB, 512GB, RTX 3050 6GB, Full HD 144Hz, Win11)",21590000,Lenovo,Laptop,,,,,,,,,,,,,4.9,5175,https://www.thegioididong.com/laptop/lenovo-loq-gaming-15iax9-i5-83gs000jvn,2024,2025-08-31 18:49:28
333423,"Laptop Acer Aspire Lite 16 G2 AL16 52P 572A - NX.J2SSV.004 (i5 1334U, 16GB, 512GB, Full HD+, Win11)",14690000,Acer,Laptop,,,,,,,,,,,,,4.9,736,https://www.thegioididong.com/laptop/acer-aspire-lite-16-g2-al16-52p-572a-i5-nxj2ssv004,2024,2025-08-31 18:49:29
336967,"Laptop Acer Aspire Lite 15 AL15 71P 517D - NX.J7KSV.001 (i5 12450H, 16GB, 512GB, Full HD, Win11)",13990000,Acer,Laptop,,,,,,,,,,,,,5.0,967,https://www.thegioididong.com/laptop/acer-aspire-lite-15-al15-71p-517d-i5-nxj7ksv001,2025,2025-08-31 18:49:29
342024,Laptop MacBook Air 13 inch M4 16GB/256GB Sạc 70W,25590000,MacBook,Laptop,,,,,,,,,,,,,5.0,57,https://www.thegioididong.com/laptop/macbook-air-13-inch-m4-16gb-256gb-sac-70w,03/2025,2025-08-31 18:49:29
327098,"Laptop HP 15 fc0085AU - A6VV8PA (R5 7430U, 16GB, 512GB, Full HD, Win11)",12990000,HP,Laptop,,,,,,,,,,,,,4.9,12163,https://www.thegioididong.com/laptop/hp-15-fc0085au-r5-a6vv8pa,2023,2025-08-31 18:49:30
311145,"Laptop HP Pavilion 15 eg3094TU - 8C5L5PA (i5 1335U, 8GB, 512GB, Full HD, Win11)",16290000,HP,Laptop,,,,,,,,,,,,,5.0,664,https://www.thegioididong.com/laptop/hp-pavilion-15-eg3094tu-i5-8c5l5pa,2023,2025-08-31 18:49:30
335372,Laptop MacBook Air 15 inch M4 16GB/256GB,29490000,MacBook,Laptop,,,,,,,,,,,,,5.0,411,https://www.thegioididong.com/laptop/macbook-air-15-inch-m4-16gb-256gb,03/2025,2025-08-31 18:49:31
332451,Laptop MacBook Pro 14 inch Nano M4 Max 36GB/1TB,79790000,MacBook,Laptop,,,,,,,,,,,,,5.0,28,https://www.thegioididong.com/laptop/macbook-pro-14-nano-m4-max-36-1t,10/2024,2025-08-31 18:49:31
334690,"Laptop GIGABYTE Gaming G5 MF5 RC555 - 9RC55MF5FJIINIVN000 (i7 13620H, 16GB, 512GB, RTX 4050 6GB, Full HD 144Hz, Win11)",22790000,GIGABYTE,Laptop,,,,,,,,,,,,,5.0,126,https://www.thegioididong.com/laptop/gigabyte-g5-mf5-rc555-i7-9rc55mf5fjiinivn000,2023,2025-08-31 18:49:31
338324,"Laptop Asus Gaming Vivobook K3605VC - RP364W (i5 13420H, 16GB, 512GB, RTX 3050 4GB, WUXGA 144Hz, Win11)",19190000,Asus,Laptop,,,,,,,,,,,,,5.0,132,https://www.thegioididong.com/laptop/asus-k3605vc-i5-rp364w,2025,2025-08-31 18:49:32
321192,"Laptop Dell Inspiron 15 3520 - 25P231 (i5 1235U, 16GB, 512GB, Full HD 120Hz, OfficeHS, KYHD, Win11)",15990000,Dell,Laptop,,,,,,,,,,,,,4.9,12829,https://www.thegioididong.com/laptop/dell-inspiron-15-3520-i5-25p231,2022,2025-08-31 18:49:33
331574,Laptop MacBook Pro 16 inch M4 Pro 24GB/512GB,63190000,MacBook,Laptop,,,,,,,,,,,,,5.0,111,https://www.thegioididong.com/laptop/macbook-pro-16-inch-m4-pro-24gb-512gb,10/2024,2025-08-31 18:49:33
340486,"Laptop HP 15 fd0235TU - 9Q970PA (i5 1334U, 16GB, 512GB, Full HD, Win11)",15490000,HP,Laptop,,,,,,,,,,,,,5.0,545,https://www.thegioididong.com/laptop/hp-15-fd0235tu-i5-9q970pa,2023,2025-08-31 18:49:33
322099,"Laptop MSI Gaming Cyborg 15 AI A1VEK - 053VN (Ultra 7 155H, 16GB, 512GB, RTX 4050 6GB, Full HD 144Hz, Win11)",28690000,MSI,Laptop,,,,,,,,,,,,,5.0,18,https://www.thegioididong.com/laptop/msi-gaming-cyborg-15-ai-a1vek-ultra-7-053vn,2024,2025-08-31 18:49:33
332448,Laptop MacBook Pro 14 inch Nano M4 16GB/512GB,41690000,MacBook,Laptop,,,,,,,,,,,,,5.0,204,https://www.thegioididong.com/laptop/macbook-pro-14-nano-m4-16-512,10/2024,2025-08-31 18:49:34
326279,"Laptop MSI Gaming Thin 15 B12UC - 2045VN (i5 12450H, 16GB, 512GB, RTX 3050 4GB, Full HD 144Hz, Win11)",17690000,MSI,Laptop,,,,,,,,,,,,,4.9,1000,https://www.thegioididong.com/laptop/msi-thin-15-b12uc-i5-2045vn,2024,2025-08-31 18:49:35
310449,"Laptop MSI Modern 15 B12MO - 625VN (i5 1235U, 8GB, 512GB, Full HD, Win11)",11490000,MSI,Laptop,,,,,,,,,,,,,4.9,2083,https://www.thegioididong.com/laptop/msi-modern-15-b12mo-i5-625vn,2023,2025-08-31 18:49:36
341563,"Laptop Dell Gaming Alienware 16 Aurora AC16250 - 71072939 (Core 5 210H, 16GB, 512GB, RTX 3050 6GB, WQXGA 120Hz, OfficeH24+365, Win11)",29490000,Dell,Laptop,,,,,,,,,,,,,5.0,12,https://www.thegioididong.com/laptop/dell-alienware-16-aurora-ac16250-core-5-210h-71072939,2025,2025-08-31 18:49:36
333094,"Laptop Asus Gaming ROG Strix G16 G614JU - N3509W (i7 13650HX, 32GB, 1TB, RTX 4050 6GB, Full HD+ 165Hz, Win11)",35490000,Asus,Laptop,,,,,,,,,,,,,5.0,181,https://www.thegioididong.com/laptop/asus-rog-strix-g16-g614ju-i7-n3509w,2024,2025-08-31 18:49:37
332368,"Laptop Lenovo ThinkBook 14 G7 - 21MR0070VN (Ultra 7 155U, 32GB, 1TB, WUXGA, Win11)",27790000,Lenovo,Laptop,,,,,,,,,,,,,5.0,66,https://www.thegioididong.com/laptop/lenovo-thinkbook-14-g7-ultra-7-21mr0070vn,2024,2025-08-31 18:49:37
335373,Laptop MacBook Air 15 inch M4 16GB/512GB,34390000,MacBook,Laptop,,,,,,,,,,,,,5.0,107,https://www.thegioididong.com/laptop/macbook-air-15-inch-m4-16gb-512gb,03/2025,2025-08-31 18:49:39
333423,"Laptop Acer Aspire Lite 16 G2 AL16 52P 572A - NX.J2SSV.004 (i5 1334U, 16GB, 512GB, Full HD+, Win11)",14690000,Acer,Laptop,,,,,,,,,,,,,4.9,736,https://www.thegioididong.com/laptop/acer-aspire-lite-16-g2-al16-52p-572a-i5-nxj2ssv004,2024,2025-08-31 18:49:39
313973,"Laptop HP Gaming VICTUS 16 r0130TX - 8C5N5PA (i5 13500H, 16GB, 512GB, RTX 3050 6GB, Full HD 144Hz, Win11)",20590000,HP,Laptop,,,,,,,,,,,,,4.9,427,https://www.thegioididong.com/laptop/hp-gaming-victus-16-r0130tx-i5-8c5n5pa,2023,2025-08-31 18:49:39
339202,"Laptop Acer Aspire Lite 14 AL14 51P 35QD - NX.J84SV.001 (i3 1305U, 8GB, 512GB, Full HD+, Win11)",10790000,Acer,Laptop,,,,,,,,,,,,,5.0,384,https://www.thegioididong.com/laptop/acer-aspire-lite-14-al14-51p-35qd-i3-nxj84sv001,2025,2025-08-31 18:49:39
310447,"Laptop MSI Gaming Katana 15 B13VFK - 676VN (i7 13620H, 16GB, 1TB, RTX 4060 8GB, Full HD 144Hz, Win11)",28690000,MSI,Laptop,,,,,,,,,,,,,4.9,666,https://www.thegioididong.com/laptop/msi-katana-15-b13vfk-i7-676vn,2023,2025-08-31 18:49:39
317704,"Laptop Asus Vivobook 14 X1404V - NK050W (i5 1335U, 16GB, 512GB, Full HD, Win11)",14990000,Asus,Laptop,,,,,,,,,,,,,4.9,3798,https://www.thegioididong.com/laptop/asus-vivobook-14-x1404va-i5-nk050w,2023,2025-08-31 18:49:40
340564,"Laptop Asus Vivobook 15 OLED A1505VA - MA515WS (i5 13420H, 16GB, 512GB, 2.8K OLED 120Hz, OfficeH24+365, Win11)",16990000,Asus,Laptop,,,,,,,,,,,,,5.0,163,https://www.thegioididong.com/laptop/asus-vivobook-a1505va-i5-ma515ws,2025,2025-08-31 18:49:40
333104,"Laptop Dell Inspiron 15 3520 - 71053682 (i7 1255U, 16GB, 512GB, Full HD 120Hz, OfficeHS, Win11)",18990000,Dell,Laptop,,,,,,,,,,,,,5.0,1633,https://www.thegioididong.com/laptop/dell-inspiron-15-3520-i7-71053682,2024,2025-08-31 18:49:40
325247,"Laptop Dell Inspiron 15 3530 - P16WD (i7 1355U, 16GB, 1TB, Full HD 120Hz, OfficeHS, Win11)",21990000,Dell,Laptop,,,,,,,,,,,,,4.9,2180,https://www.thegioididong.com/laptop/dell-inspiron-15-3530-i7-p16wd,2024,2025-08-31 18:49:40
334999,"Laptop Acer Aspire Lite 15 AL15 41P R3QL - NX.J54SV.001 (R7 5700U, 8GB, 512GB, Full HD, Win11)",12290000,Acer,Laptop,,,,,,,,,,,,,5.0,526,https://www.thegioididong.com/laptop/acer-aspire-lite-15-al15-41p-r3ql-r7-nxj54sv001,2025,2025-08-31 18:49:41
335376,Laptop MacBook Air 15 inch M4 24GB/512GB,39390000,MacBook,Laptop,,,,,,,,,,,,,5.0,52,https://www.thegioididong.com/laptop/macbook-air-15-inch-m4-24gb-512gb,03/2025,2025-08-31 18:49:42
317712,"Laptop Asus Vivobook 14 X1404ZA - NK246W (i3 1215U, 8GB, 512GB, Full HD, Win11)",10490000,Asus,Laptop,,,,,,,,,,,,,4.9,6772,https://www.thegioididong.com/laptop/asus-vivobook-x1404za-i3-nk246w,2023,2025-08-31 18:49:42
325699,"Laptop Acer Gaming Aspire A515 58GM 53PZ - NX.KQ4SV.008 (i5 13420H, 8GB, 512GB, RTX 2050 4GB, Full HD, Win11)",14990000,Acer,Laptop,,,,,,,,,,,,,4.9,1372,https://www.thegioididong.com/laptop/acer-aspire-a515-58gm-53pz-i5-nxkq4sv008,2024,2025-08-31 18:49:42
342024,Laptop MacBook Air 13 inch M4 16GB/256GB Sạc 70W,25590000,MacBook,Laptop,,,,,,,,,,,,,5.0,57,https://www.thegioididong.com/laptop/macbook-air-13-inch-m4-16gb-256gb-sac-70w,03/2025,2025-08-31 18:49:44
333425,"Laptop Acer Aspire 16 AI A16 71M 71U7 - NX.J4YSV.002 (Ultra 7 155H, 16GB, 512GB, Full HD+, Win11)",19990000,Acer,Laptop,,,,,,,,,,,,,5.0,132,https://www.thegioididong.com/laptop/acer-aspire-16-ai-a16-71m-71u7-ultra-7-nxj4ysv002,2024,2025-08-31 18:49:45
337843,"Laptop GIGABYTE Gaming A16 GA6H - GAMING-A16-CMHH2VN893SH (i5 13420H, 16GB, 512GB, RTX 4050 6GB, WUXGA 165Hz, Win11)",23990000,GIGABYTE,Laptop,,,,,,,,,,,,,5.0,7,https://www.thegioididong.com/laptop/gigabyte-a16-ga6h-i5-gaminga16cmhh2vn893sh,2025,2025-08-31 18:49:46
334450,"Laptop Lenovo Ideapad Slim 3 16IRH10 - 83K20003VN (i5 13420H, 24GB, 512GB, WUXGA, Win11)",16290000,Lenovo,Laptop,,,,,,,,,,,,,4.9,1051,https://www.thegioididong.com/laptop/lenovo-ideapad-slim-3-16irh10-i5-83k20003vn,2024,2025-08-31 18:49:46
321436,"Laptop Acer Aspire A315 44P R9W8 - NX.KSJSV.002 (R7 5700U, 8GB, 512GB, Full HD, Win11)",10990000,Acer,Laptop,,,,,,,,,,,,,4.9,4444,https://www.thegioididong.com/laptop/acer-aspire-a315-44p-r9w8-r7-nxksjsv002,2023,2025-08-31 18:49:46
337475,"Laptop Dell Inspiron 15 3520 - N3520-i7U165W11SLU-BL (i7 1255U, 16GB, 512GB, Full HD 120Hz, OfficeH24+365, Win11)",18990000,Dell,Laptop,,,,,,,,,,,,,5.0,228,https://www.thegioididong.com/laptop/dell-inspiron-15-3520-i7-n3520i7u165w11slu-bl,2025,2025-08-31 18:49:46
338320,"Laptop Asus Vivobook S14 S3407CA - LY095WS (Ultra 5 225H, 16GB, 512GB, WUXGA, OfficeH24+365, Win11)",20990000,Asus,Laptop,,,,,,,,,,,,,5.0,159,https://www.thegioididong.com/laptop/asus-s3407ca-ultra-5-ly095ws,2025,2025-08-31 18:49:46
334997,"Laptop Acer Aspire Go AG15 31P 30M4 - NX.KRPSV.004 (i3 N305, 8GB, 256GB, Full HD, Win11)",9690000,Acer,Laptop,,,,,,,,,,,,,4.9,1674,https://www.thegioididong.com/laptop/acer-aspire-go-ag15-31p-30m4-i3-nxkrpsv004,2024,2025-08-31 18:49:47
339657,"Laptop Lenovo ThinkPad E16 - 21SR002SVN (Ultra 7 255H, 32GB, 512GB, WUXGA, Win11)",30290000,Lenovo,Laptop,,,,,,,,,,,,,5.0,37,https://www.thegioididong.com/laptop/lenovo-thinkpad-e16-ultra-7-21sr002svn,2025,2025-08-31 18:49:48
328906,"Laptop HP 240 G9 - AG2J5AT (i3 1215U, 8GB, 512GB, Full HD, Win11)",10390000,HP,Laptop,,,,,,,,,,,,,4.9,3281,https://www.thegioididong.com/laptop/hp-240-g9-i3-ag2j5at,2024,2025-08-31 18:49:49
334446,"Laptop Lenovo IdeaPad Slim 3 15IRH10 - 83K1000FVN (i7 13620H, 24GB, 512GB, WUXGA, Win11)",19190000,Lenovo,Laptop,,,,,,,,,,,,,5.0,996,https://www.thegioididong.com/laptop/lenovo-ideapad-slim-3-15irh10-i7-83k1000fvn,2024,2025-08-31 18:49:49
329786,"Laptop MSI Gaming Thin 15 B13UCX - 2080VN (i5 13420H, 16GB, 512GB, RTX 2050 4GB, Full HD 144Hz, Win11)",16690000,MSI,Laptop,,,,,,,,,,,,,5.0,318,https://www.thegioididong.com/laptop/msi-thin-15-b13ucx-i5-2080vn,2024,2025-08-31 18:49:50
339679,"Laptop Dell Latitude 3450 - L3450-1335U-16512WN (i5 1335U, 16GB, 512GB, Full HD, Win11)",18590000,Dell,Laptop,,,,,,,,,,,,,5.0,405,https://www.thegioididong.com/laptop/dell-latitude-3450-i5-l34501335u16512wn,2024,2025-08-31 18:49:51
328814,"Laptop HP 240 G9 - AG2J7AT (i5 1235U, 16GB, 512GB, Full HD, Win11)",14990000,HP,Laptop,,,,,,,,,,,,,5.0,4179,https://www.thegioididong.com/laptop/hp-240-g9-i5-ag2j7at,2024,2025-08-31 18:49:51
335376,Laptop MacBook Air 15 inch M4 24GB/512GB,39390000,MacBook,Laptop,,,,,,,,,,,,,5.0,52,https://www.thegioididong.com/laptop/macbook-air-15-inch-m4-24gb-512gb,03/2025,2025-08-31 18:49:51
337476,"Laptop Dell Inspiron 15 3520 - N3520-i5U165W11SLU-BL (i5 1235U, 16GB, 512GB, Full HD 120Hz, OfficeH24+365, Win11)",15990000,Dell,Laptop,,,,,,,,,,,,,5.0,912,https://www.thegioididong.com/laptop/dell-inspiron-15-3520-i5-n3520i5u165w11slubl,2025,2025-08-31 18:49:51
337043,"Laptop HP Pavilion 16 af0054TU - AY8C3PA (Ultra 5 125U, 16GB, 1TB, WUXGA, OfficeHS+365, Win11)",21190000,HP,Laptop,,,,,,,,,,,,,5.0,44,https://www.thegioididong.com/laptop/hp-pavilion-16-af0054tu-ultra-5-ay8c3pa,2024,2025-08-31 18:49:52
321467,"Laptop HP Gaming VICTUS 15 fb1022AX - 94F19PA (R5 7535HS, 16GB, 512GB, RTX 2050 4GB, Full HD 144Hz, Win11)",16490000,HP,Laptop,,,,,,,,,,,,,5.0,3563,https://www.thegioididong.com/laptop/hp-victus-15-fb1022ax-r5-94f19pa,2023,2025-08-31 18:49:54
321436,"Laptop Acer Aspire A315 44P R9W8 - NX.KSJSV.002 (R7 5700U, 8GB, 512GB, Full HD, Win11)",10990000,Acer,Laptop,,,,,,,,,,,,,4.9,4444,https://www.thegioididong.com/laptop/acer-aspire-a315-44p-r9w8-r7-nxksjsv002,2023,2025-08-31 18:49:54
331506,"Laptop HP Envy x360 14 fc0162TU - AY8X1PA (Ultra 5 125U, 16GB, 512GB, 2.8K OLED, Cảm ứng, OfficeHS, Win11)",26590000,HP,Laptop,,,,,,,,,,,,,4.9,374,https://www.thegioididong.com/laptop/hp-envy-x360-14-fc0162tu-ultra-5-ay8x1pa,2024,2025-08-31 18:49:54
337470,"Laptop Dell Inspiron 15 3520 - 71064798 (i5 1235U, 16GB, 512GB, Full HD 120Hz, OfficeH24+365, KYHD, Win11)",15990000,Dell,Laptop,,,,,,,,,,,,,5.0,1627,https://www.thegioididong.com/laptop/dell-inspiron-15-3520-i5-71064798,2025,2025-08-31 18:49:55
335362,Laptop MacBook Air 13 inch M4 16GB/256GB,24590000,MacBook,Laptop,,,,,,,,,,,,,4.9,3466,https://www.thegioididong.com/laptop/macbook-air-13-inch-m4-16gb-256gb,03/2025,2025-08-31 18:49:55
327977,"Laptop Asus Vivobook 15 X1504ZA - NJ1546W (i5 1235U, 16GB, 512GB, Full HD, Win11)",13990000,Asus,Laptop,,,,,,,,,,,,,4.9,1980,https://www.thegioididong.com/laptop/asus-vivobook-15-x1504za-i5-nj1546w,2023,2025-08-31 18:49:55
333104,"Laptop Dell Inspiron 15 3520 - 71053682 (i7 1255U, 16GB, 512GB, Full HD 120Hz, OfficeHS, Win11)",18990000,Dell,Laptop,,,,,,,,,,,,,5.0,1633,https://www.thegioididong.com/laptop/dell-inspiron-15-3520-i7-71053682,2024,2025-08-31 18:49:56
311145,"Laptop HP Pavilion 15 eg3094TU - 8C5L5PA (i5 1335U, 8GB, 512GB, Full HD, Win11)",16290000,HP,Laptop,,,,,,,,,,,,,5.0,664,https://www.thegioididong.com/laptop/hp-pavilion-15-eg3094tu-i5-8c5l5pa,2023,2025-08-31 18:49:56
335366,Laptop MacBook Air 13 inch M4 24GB/256GB,31390000,MacBook,Laptop,,,,,,,,,,,,,4.9,99,https://www.thegioididong.com/laptop/macbook-air-13-inch-m4-24gb-256gb,03/2025,2025-08-31 18:49:57
334449,"Laptop Lenovo IdeaPad Slim 5 OLED 14AHP10 - 83HV001MVN (R7 8845HS, 32GB, 512GB, WUXGA OLED, OfficeH24+365, Win11)",22090000,Lenovo,Laptop,,,,,,,,,,,,,5.0,403,https://www.thegioididong.com/laptop/lenovo-ideapad-slim-5-14ahp10-r7-83hv001mvn,2024,2025-08-31 18:49:57
334450,"Laptop Lenovo Ideapad Slim 3 16IRH10 - 83K20003VN (i5 13420H, 24GB, 512GB, WUXGA, Win11)",16290000,Lenovo,Laptop,,,,,,,,,,,,,4.9,1051,https://www.thegioididong.com/laptop/lenovo-ideapad-slim-3-16irh10-i5-83k20003vn,2024,2025-08-31 18:49:58
332578,"Laptop Acer Aspire 7 A715 76 53PJ - NH.QGESV.007 (i5 12450H, 16GB, 512GB, Full HD, Win11)",13990000,Acer,Laptop,,,,,,,,,,,,,4.9,2199,https://www.thegioididong.com/laptop/acer-aspire-7-a715-76-53pj-i5-nhqgesv007,2023,2025-08-31 18:49:59
326641,"Laptop Lenovo V14 G4 - 83A00012VN (i7 1355U, 16GB, 512GB, Full HD, Win11)",17990000,Lenovo,Laptop,,,,,,,,,,,,,4.9,443,https://www.thegioididong.com/laptop/lenovo-thinkpad-v14-i7-83a00012vn,2024,2025-08-31 18:49:59
332365,"Laptop Lenovo Gaming LOQ 15IAX9E - 83LK000BVN (i5 12450HX, 16GB, 512GB, RTX 2050 4GB, Full HD 144Hz, Win11)",17990000,Lenovo,Laptop,,,,,,,,,,,,,4.9,2429,https://www.thegioididong.com/laptop/lenovo-loq-15iax9e-i5-83lk000bvn,2024,2025-08-31 18:50:02
323920,"Laptop HP 15 fd0234TU - 9Q969PA (i5 1334U, 16GB, 512GB, Full HD, Win11)",15490000,HP,Laptop,,,,,,,,,,,,,4.9,10346,https://www.thegioididong.com/laptop/hp-15-fd0234tu-i5-9q969pa,2023,2025-08-31 18:50:02
338312,"Laptop Dell Inspiron 14 5440 - N4I5211W1 (Core 5 120U, 16GB, 512GB, Full HD+, OfficeHS, Win11)",21990000,Dell,Laptop,,,,,,,,,,,,,5.0,83,https://www.thegioididong.com/laptop/dell-inspiron-14-5440-core-5-n4i5211w1,2024,2025-08-31 18:50:02
331575,Laptop MacBook Pro 16 inch M4 Pro 24GB/1TB,68090000,MacBook,Laptop,,,,,,,,,,,,,5.0,47,https://www.thegioididong.com/laptop/macbook-pro-16-inch-m4-pro-24gb-1tb,10/2024,2025-08-31 18:50:03
326830,"Laptop HP Pavilion X360 14 ek2024TU - 9Z2V6PA (Core 5 120U, 16GB, 512GB, Full HD, Cảm ứng, Win11)",21290000,HP,Laptop,,,,,,,,,,,,,5.0,1809,https://www.thegioididong.com/laptop/hp-pavilion-x360-14-ek2024tu-core-5-9z2v6pa,2024,2025-08-31 18:50:04
335367,Laptop MacBook Air 13 inch M4 24GB/512GB,35190000,MacBook,Laptop,,,,,,,,,,,,,5.0,170,https://www.thegioididong.com/laptop/macbook-air-13-inch-m4-24gb-512gb,03/2025,2025-08-31 18:50:04
335366,Laptop MacBook Air 13 inch M4 24GB/256GB,31390000,MacBook,Laptop,,,,,,,,,,,,,4.9,99,https://www.thegioididong.com/laptop/macbook-air-13-inch-m4-24gb-256gb,03/2025,2025-08-31 18:50:04
325697,"Laptop Acer Gaming Nitro V ANV15 51 55CA - NH.QN8SV.004 (i5 13420H, 16GB, 512GB, RTX 4050 6GB, Full HD 144Hz, Win11)",23990000,Acer,Laptop,,,,,,,,,,,,,5.0,602,https://www.thegioididong.com/laptop/acer-nitro-v-anv15-51-55ca-i5-nhqn8sv004,2023,2025-08-31 18:50:05
321467,"Laptop HP Gaming VICTUS 15 fb1022AX - 94F19PA (R5 7535HS, 16GB, 512GB, RTX 2050 4GB, Full HD 144Hz, Win11)",16490000,HP,Laptop,,,,,,,,,,,,,5.0,3563,https://www.thegioididong.com/laptop/hp-victus-15-fb1022ax-r5-94f19pa,2023,2025-08-31 18:50:06
338000,"Laptop MSI Gaming Katana 15 B13VEK - 2416VN (i5 13420H, 16GB, 512GB, RTX 4050 6GB, Full HD 144Hz, Win11)",23290000,MSI,Laptop,,,,,,,,,,,,,5.0,8,https://www.thegioididong.com/laptop/msi-katana-15-b13vek-i5-2416vn,2025,2025-08-31 18:50:06
340004,"Laptop MSI Gaming Katana 15 B13UDXK - 2410VN (i5 13420H, 16GB, 512GB, RTX 3050 6GB, Full HD 144Hz, Win11)",20690000,MSI,Laptop,,,,,,,,,,,,,5.0,8,https://www.thegioididong.com/laptop/msi-katana-15-b13udxk-i5-2410vn,2025,2025-08-31 18:50:07
339655,"Laptop Lenovo ThinkBook 16 - 21SK006YVN (Ultra 7 255H, 32GB, 1TB, WUXGA, Win11)",30790000,Lenovo,Laptop,,,,,,,,,,,,,5.0,20,https://www.thegioididong.com/laptop/lenovo-thinkbook-16-ultra-7-21sk006yvn,2025,2025-08-31 18:50:07
331566,Laptop MacBook Pro 14 inch M4 16GB/1TB,44090000,MacBook,Laptop,,,,,,,,,,,,,5.0,86,https://www.thegioididong.com/laptop/macbook-pro-14-inch-m4-16gb-1tb,10/2024,2025-08-31 18:50:09
328814,"Laptop HP 240 G9 - AG2J7AT (i5 1235U, 16GB, 512GB, Full HD, Win11)",14990000,HP,Laptop,,,,,,,,,,,,,5.0,4179,https://www.thegioididong.com/laptop/hp-240-g9-i5-ag2j7at,2024,2025-08-31 18:50:09
333425,"Laptop Acer Aspire 16 AI A16 71M 71U7 - NX.J4YSV.002 (Ultra 7 155H, 16GB, 512GB, Full HD+, Win11)",19990000,Acer,Laptop,,,,,,,,,,,,,5.0,132,https://www.thegioididong.com/laptop/acer-aspire-16-ai-a16-71m-71u7-ultra-7-nxj4ysv002,2024,2025-08-31 18:50:09
317704,"Laptop Asus Vivobook 14 X1404V - NK050W (i5 1335U, 16GB, 512GB, Full HD, Win11)",14990000,Asus,Laptop,,,,,,,,,,,,,4.9,3798,https://www.thegioididong.com/laptop/asus-vivobook-14-x1404va-i5-nk050w,2023,2025-08-31 18:50:09
328443,"Laptop HP Gaming VICTUS 16 s0173AX - A9LG9PA (R5 7640HS, 16GB, 512GB, RTX 3050 6GB, Full HD 144Hz, Win11)",19690000,HP,Laptop,,,,,,,,,,,,,5.0,309,https://www.thegioididong.com/laptop/hp-victus-16-s0173ax-r5-a9lg9pa,2024,2025-08-31 18:50:10
335364,Laptop MacBook Air 13 inch M4 16GB/512GB,30190000,MacBook,Laptop,,,,,,,,,,,,,5.0,995,https://www.thegioididong.com/laptop/macbook-air-13-inch-m4-16gb-512gb,03/2025,2025-08-31 18:50:11
335369,Laptop MacBook Air 13 inch M4 32GB/256GB,35490000,MacBook,Laptop,,,,,,,,,,,,,5.0,14,https://www.thegioididong.com/laptop/macbook-air-13-inch-m4-32gb-256gb,03/2025,2025-08-31 18:50:12
326122,"Laptop MSI Gaming Katana 15 B13UDXK - 2077VN (i7 13620H, 16GB, 1TB, RTX 3050 6GB, Full HD 144Hz, Win11)",24290000,MSI,Laptop,,,,,,,,,,,,,4.9,919,https://www.thegioididong.com/laptop/msi-katana-15-b13udxk-i7-2077vn,2024,2025-08-31 18:50:12
341612,"Laptop MSI Katana 15 B13VEK - 2256VN (i7 13620H, 16GB, 512GB, RTX4050 6GB, Full HD 144Hz, Win11)",25190000,MSI,Laptop,,,,,,,,,,,,,5.0,20,https://www.thegioididong.com/laptop/msi-katana-15-b13vek-i7-13620h-2256vn,2024,2025-08-31 18:50:13
338316,"Laptop Dell Inspiron 15 3530 - N3530-i5U165W11SLU-BL (i5 1334U, 16GB, 512GB, Full HD 120Hz, OfficeH24+365, Win11)",17990000,Dell,Laptop,,,,,,,,,,,,,5.0,107,https://www.thegioididong.com/laptop/dell-inspiron-15-3530-i5-n3530-i5u165w11slu-bl,2025,2025-08-31 18:50:13
338206,"Laptop HP 240 G10 - B73TJAT (i3 1315U, 8GB, 512GB, Full HD, Win11)",11490000,HP,Laptop,,,,,,,,,,,,,5.0,260,https://www.thegioididong.com/laptop/hp-240-g10-i3-b73tjat,2024,2025-08-31 18:50:13
335556,"Laptop Lenovo Gaming LOQ 15IAX9E - 83LK0079VN (i5 12450HX, 16GB, 512GB, RTX 3050 6GB, Full HD 144Hz, Win11)",19490000,Lenovo,Laptop,,,,,,,,,,,,,4.9,653,https://www.thegioididong.com/laptop/lenovo-loq-15iax9e-i5-83lk0079vn,2024,2025-08-31 18:50:13
337842,"Laptop GIGABYTE Gaming G6 MF RC56 - 9RC56MF0HJIIXIVN000 (i7 13620H, 16GB, 512GB, RTX 4050 6GB, WUXGA 165Hz, Win11)",23690000,GIGABYTE,Laptop,,,,,,,,,,,,,5.0,50,https://www.thegioididong.com/laptop/gigabyte-g6-mf-rc56-i7-9rc56mf0hjiixivn000,2024,2025-08-31 18:50:14
331362,"Laptop MSI Modern 15 F13MG - 082VN (i5 1335U, 16GB, 512GB, Full HD, Win11)",13690000,MSI,Laptop,,,,,,,,,,,,,5.0,556,https://www.thegioididong.com/laptop/msi-modern-15-f13mg-i5-082vn,2024,2025-08-31 18:50:15
335372,Laptop MacBook Air 15 inch M4 16GB/256GB,29490000,MacBook,Laptop,,,,,,,,,,,,,5.0,411,https://www.thegioididong.com/laptop/macbook-air-15-inch-m4-16gb-256gb,03/2025,2025-08-31 18:50:15
338311,"Laptop Dell Inspiron 15 3530 - N5I7216W1 (i7 1355U, 16GB, 512GB, Full HD 120Hz, OfficeH24+365, Win11)",20990000,Dell,Laptop,,,,,,,,,,,,,5.0,752,https://www.thegioididong.com/laptop/dell-inspiron-15-3530-i7-n5i7216w1,2025,2025-08-31 18:50:16
322099,"Laptop MSI Gaming Cyborg 15 AI A1VEK - 053VN (Ultra 7 155H, 16GB, 512GB, RTX 4050 6GB, Full HD 144Hz, Win11)",28690000,MSI,Laptop,,,,,,,,,,,,,5.0,18,https://www.thegioididong.com/laptop/msi-gaming-cyborg-15-ai-a1vek-ultra-7-053vn,2024,2025-08-31 18:50:16
328237,"Laptop Asus Gaming Vivobook K3605ZF - RP745W (i5 12500H, 16GB, 512GB, RTX 2050 4GB, WUXGA 144Hz, Win11)",17490000,Asus,Laptop,,,,,,,,,,,,,4.9,4002,https://www.thegioididong.com/laptop/asus-vivobook-k3605zf-i5-rp745w,2024,2025-08-31 18:50:17
326059,"Laptop HP Gaming VICTUS 16 s0078AX - 8C5N7PA (R5 7640HS, 16GB, 512GB, RTX 3050 6GB, Full HD 144Hz, Win11)",19690000,HP,Laptop,,,,,,,,,,,,,5.0,201,https://www.thegioididong.com/laptop/hp-victus-16-s0078ax-r5-8c5n7pa,2023,2025-08-31 18:50:17
332368,"Laptop Lenovo ThinkBook 14 G7 - 21MR0070VN (Ultra 7 155U, 32GB, 1TB, WUXGA, Win11)",27790000,Lenovo,Laptop,,,,,,,,,,,,,5.0,66,https://www.thegioididong.com/laptop/lenovo-thinkbook-14-g7-ultra-7-21mr0070vn,2024,2025-08-31 18:50:17
337233,"Laptop Lenovo Ideapad Slim 3 14IRH10 - 83K0000CVN (i5 13420H, 24GB, 512GB, WUXGA OLED, Win11)",18990000,Lenovo,Laptop,,,,,,,,,,,,,5.0,763,https://www.thegioididong.com/laptop/lenovo-ideapad-slim-3-oled-14irh10-i5-83k0000cvn,2025,2025-08-31 18:50:18
322222,"Laptop Acer Aspire 3 A314 42P R3B3 - NX.KSFSV.001 (R7 5700U, 16GB, 512GB, WUXGA, Win11)",12690000,Acer,Laptop,,,,,,,,,,,,,4.9,3611,https://www.thegioididong.com/laptop/acer-aspire-3-a314-42p-r3b3-r7-nxksfsv001,2024,2025-08-31 18:50:18
333886,"Laptop Dell Inspiron 15 3520 - N5I5057W1 (i5 1235U, 16GB, 512GB, Full HD 120Hz, OfficeHS, Win11)",15990000,Dell,Laptop,,,,,,,,,,,,,4.9,5023,https://www.thegioididong.com/laptop/dell-inspiron-15-3520-i5-n5i5057w1,,2025-08-31 18:50:19
330932,"Laptop MSI Gaming Thin 15 B13UC - 1411VN (i7 13620H, 32GB, 512GB, RTX 3050 4GB, Full HD 144Hz, Win11)",22090000,MSI,Laptop,,,,,,,,,,,,,4.9,507,https://www.thegioididong.com/laptop/msi-thin-15-b13uc-i7-1411vn,2024,2025-08-31 18:50:20
326059,"Laptop HP Gaming VICTUS 16 s0078AX - 8C5N7PA (R5 7640HS, 16GB, 512GB, RTX 3050 6GB, Full HD 144Hz, Win11)",19690000,HP,Laptop,,,,,,,,,,,,,5.0,201,https://www.thegioididong.com/laptop/hp-victus-16-s0078ax-r5-8c5n7pa,2023,2025-08-31 18:50:22
325479,"Laptop Asus Vivobook S 16 OLED S5606MA - MX050W (Ultra 5 125H, 16GB, 512GB, 3.2K OLED 120Hz, Win11)",23190000,Asus,Laptop,,,,,,,,,,,,,4.9,1356,https://www.thegioididong.com/laptop/asus-vivobook-s-16-oled-s5606ma-ultra-5-mx050w,2024,2025-08-31 18:50:23
337476,"Laptop Dell Inspiron 15 3520 - N3520-i5U165W11SLU-BL (i5 1235U, 16GB, 512GB, Full HD 120Hz, OfficeH24+365, Win11)",15990000,Dell,Laptop,,,,,,,,,,,,,5.0,912,https://www.thegioididong.com/laptop/dell-inspiron-15-3520-i5-n3520i5u165w11slubl,2025,2025-08-31 18:50:23
330162,"Laptop Asus TUF Gaming A15 FA506NFR - HN113W (R7 7435HS, 16GB, 512GB, RTX 2050 4GB, Full HD 144Hz, Win11)",17690000,Asus,Laptop,,,,,,,,,,,,,4.9,1436,https://www.thegioididong.com/laptop/asus-fa506nfr-r7-hn113w,2024,2025-08-31 18:50:24
327051,"Laptop Lenovo Gaming LOQ 15ARP9 - 83JC0040VN (R7 7435HS, 24GB, 512GB, RTX 4050 6GB, Full HD 144Hz, Win11)",0,Lenovo,Laptop,,,,,,,,,,,,,5.0,1269,https://www.thegioididong.com/laptop/lenovo-loq-15arp9-r7-83jc0040vn,2024,2025-08-31 18:50:24
333102,"Laptop Dell Inspiron 15 3520 - N3520-i7U165W11BLU-FP (i7 1255U, 16GB, 512GB, Full HD 120Hz, OfficeHS, Win11)",18990000,Dell,Laptop,,,,,,,,,,,,,5.0,958,https://www.thegioididong.com/laptop/dell-inspiron-15-3520-i7-n3520i7u165w11blufp,2024,2025-08-31 18:50:24
328815,"Laptop HP Envy X360 14 fa0050AU - A29H8PA (R5 8640HS, 16GB, 512GB, 2.8K OLED, Cảm ứng, Win11)",25890000,HP,Laptop,,,,,,,,,,,,,5.0,280,https://www.thegioididong.com/laptop/hp-envy-x360-14-fa0050au-r5-a29h8pa,2024,2025-08-31 18:50:24
329787,"Laptop MSI Prestige 14 AI Studio C1UDXG - 058VN (Ultra 7 155H, 16GB, 1TB, RTX 3050 6GB, Full HD+ 144Hz, Win11)",28590000,MSI,Laptop,,,,,,,,,,,,,5.0,40,https://www.thegioididong.com/laptop/msi-prestige-14-ai-studio-c1udxg-ultra-7-058vn,2024,2025-08-31 18:50:25
327977,"Laptop Asus Vivobook 15 X1504ZA - NJ1546W (i5 1235U, 16GB, 512GB, Full HD, Win11)",13990000,Asus,Laptop,,,,,,,,,,,,,4.9,1980,https://www.thegioididong.com/laptop/asus-vivobook-15-x1504za-i5-nj1546w,2023,2025-08-31 18:50:26
334794,"Laptop Asus Vivobook 16 X1605VA - MB1876WS (i5 13420H, 16GB, 512GB, WUXGA, OfficeH24+365, Win11)",15190000,Asus,Laptop,,,,,,,,,,,,,5.0,707,https://www.thegioididong.com/laptop/asus-vivobook-16-x1605va-i5-mb1876ws,2025,2025-08-31 18:50:26
326050,"Laptop HP 15 fd0303TU - A2NL4PA (i3 1315U, 8GB, 512GB, Full HD, Win11)",11390000,HP,Laptop,,,,,,,,,,,,,5.0,8656,https://www.thegioididong.com/laptop/hp-15-fd0303tu-i3-a2nl4pa,2024,2025-08-31 18:50:27
336036,"Laptop Asus Vivobook 15 X1504VA - BQ2225WS (i5 1334U, 16GB, 512GB, Full HD, OfficeH24+365, Win11)",14990000,Asus,Laptop,,,,,,,,,,,,,5.0,934,https://www.thegioididong.com/laptop/asus-vivobook-15-x1504va-i5-bq2225ws,2025,2025-08-31 18:50:29
335364,Laptop MacBook Air 13 inch M4 16GB/512GB,30190000,MacBook,Laptop,,,,,,,,,,,,,5.0,995,https://www.thegioididong.com/laptop/macbook-air-13-inch-m4-16gb-512gb,03/2025,2025-08-31 18:50:29
336036,"Laptop Asus Vivobook 15 X1504VA - BQ2225WS (i5 1334U, 16GB, 512GB, Full HD, OfficeH24+365, Win11)",14990000,Asus,Laptop,,,,,,,,,,,,,5.0,934,https://www.thegioididong.com/laptop/asus-vivobook-15-x1504va-i5-bq2225ws,2025,2025-08-31 18:50:30
308697,"Laptop MSI Gaming GF63 Thin 12VE - 460VN (i5 12450H, 8GB, 512GB, RTX 4050 6GB, Full HD 144Hz, Win11)",19290000,MSI,Laptop,,,,,,,,,,,,,4.9,1009,https://www.thegioididong.com/laptop/msi-gaming-gf63-thin-12ve-i5-460vn,2023,2025-08-31 18:50:30
328443,"Laptop HP Gaming VICTUS 16 s0173AX - A9LG9PA (R5 7640HS, 16GB, 512GB, RTX 3050 6GB, Full HD 144Hz, Win11)",19690000,HP,Laptop,,,,,,,,,,,,,5.0,309,https://www.thegioididong.com/laptop/hp-victus-16-s0173ax-r5-a9lg9pa,2024,2025-08-31 18:50:31
332450,Laptop MacBook Pro 14 inch Nano M4 Pro 24GB/512GB,51290000,MacBook,Laptop,,,,,,,,,,,,,5.0,110,https://www.thegioididong.com/laptop/macbook-pro-14-nano-m4-pro-24-512,10/2024,2025-08-31 18:50:31
335364,Laptop MacBook Air 13 inch M4 16GB/512GB,30190000,MacBook,Laptop,,,,,,,,,,,,,5.0,995,https://www.thegioididong.com/laptop/macbook-air-13-inch-m4-16gb-512gb,03/2025,2025-08-31 18:50:31
334792,"Laptop Asus Vivobook 15 X1504VA - NJ1634W (i3 1315U, 8GB, 512GB, Full HD, Win11)",10690000,Asus,Laptop,,,,,,,,,,,,,5.0,2448,https://www.thegioididong.com/laptop/asus-vivobook-15-x1504va-i3-nj1634w,2025,2025-08-31 18:50:31
338320,"Laptop Asus Vivobook S14 S3407CA - LY095WS (Ultra 5 225H, 16GB, 512GB, WUXGA, OfficeH24+365, Win11)",20990000,Asus,Laptop,,,,,,,,,,,,,5.0,159,https://www.thegioididong.com/laptop/asus-s3407ca-ultra-5-ly095ws,2025,2025-08-31 18:50:32
325697,"Laptop Acer Gaming Nitro V ANV15 51 55CA - NH.QN8SV.004 (i5 13420H, 16GB, 512GB, RTX 4050 6GB, Full HD 144Hz, Win11)",23990000,Acer,Laptop,,,,,,,,,,,,,5.0,602,https://www.thegioididong.com/laptop/acer-nitro-v-anv15-51-55ca-i5-nhqn8sv004,2023,2025-08-31 18:50:33
334442,"Laptop Lenovo IdeaPad Slim 3 15IRH10 - 83K1000HVN (i5 13420H, 16GB, 512GB, WUXGA, Win11)",15290000,Lenovo,Laptop,,,,,,,,,,,,,4.9,2472,https://www.thegioididong.com/laptop/lenovo-ideapad-slim-3-15irh10-i5-83k1000hvn,2024,2025-08-31 18:50:34
335362,Laptop MacBook Air 13 inch M4 16GB/256GB,24590000,MacBook,Laptop,,,,,,,,,,,,,4.9,3466,https://www.thegioididong.com/laptop/macbook-air-13-inch-m4-16gb-256gb,03/2025,2025-08-31 18:50:34
326049,"Laptop HP 245 G10 - A20TDPT (R5 7530U, 8GB, 512GB, Full HD, Win11)",12190000,HP,Laptop,,,,,,,,,,,,,4.9,5921,https://www.thegioididong.com/laptop/hp-245-g10-r5-a20tdpt,2024,2025-08-31 18:50:34
341626,"Laptop Acer Gaming Nitro V 15 ProPanel ANV15 52 59AA - NH.QZ9SV.002 (i5 13420H, 16GB, 512GB, RTX 5050 8GB, Full HD 180Hz, Win11)",29690000,Acer,Laptop,,,,,,,,,,,,,5.0,5,https://www.thegioididong.com/laptop/acer-nitro-v-15-propanel-anv15-52-59aa-i5-13420h-nh-qz9sv-002,2025,2025-08-31 18:50:34
330169,"Laptop Acer Gaming Predator Helios Neo PHN16 71 53M7 - NH.QLUSV.005 (i5 13500HX, 16GB, 512GB, RTX 4060 8GB, WUXGA 165Hz, Win11)",0,Acer,Laptop,,,,,,,,,,,,,4.9,1041,https://www.thegioididong.com/laptop/acer-predator-helios-neo-phn16-71-53m7-i5-nhqlusv005,2023,2025-08-31 18:50:35
338207,"Laptop HP 240 G10 - B93GZAT (i5 1334U, 16GB, 512GB, Full HD, Win11)",16190000,HP,Laptop,,,,,,,,,,,,,5.0,1093,https://www.thegioididong.com/laptop/hp-240-g10-i5-b93gzat,2025,2025-08-31 18:50:35
322270,"Laptop Asus Vivobook 14 X1404ZA - NK376W (i5 1235U, 16GB, 512GB, Full HD, Win11)",13990000,Asus,Laptop,,,,,,,,,,,,,4.9,7463,https://www.thegioididong.com/laptop/asus-vivobook-x1404za-i5-nk376w,2024,2025-08-31 18:50:36
337841,"Laptop GIGABYTE Gaming AORUS MASTER 16 - Win11 (Ultra 9 275HX, 32GB, 1TB, RTX 5080 16GB, WQXGA OLED 240Hz, Win11 )",87890000,GIGABYTE,Laptop,,,,,,,,,,,,,,,https://www.thegioididong.com/laptop/gigabyte-aorus-master-16-ultra-9-16-byhc5vne64sh,2025,2025-08-31 18:50:36
339687,"Laptop Asus TUF Gaming F16 FX607VJ - RL034W (Core 5 210H, 16GB, 512GB, RTX 3050 6GB, Full HD+ 144Hz, Win11)",21690000,Asus,Laptop,,,,,,,,,,,,,5.0,125,https://www.thegioididong.com/laptop/asus-tuf-gaming-f16-fx607vj-core-5-rl034w,2025,2025-08-31 18:50:37
327050,"Laptop Lenovo Gaming LOQ 15IAX9 - 83GS00D9VN (i5 12450HX, 24GB, 512GB, RTX 3050 6GB, Full HD 144Hz, Win11)",23190000,Lenovo,Laptop,,,,,,,,,,,,,5.0,3383,https://www.thegioididong.com/laptop/lenovo-loq-15iax9-i5-83gs00d9vn,2024,2025-08-31 18:50:38
334803,"Laptop Dell Inspiron 15 3530 - N5I5530W1 (i5 1334U, 16GB, 512GB, Full HD 120Hz, OfficeH24+365, Win11)",17990000,Dell,Laptop,,,,,,,,,,,,,5.0,411,https://www.thegioididong.com/laptop/dell-inspiron-15-3530-i5-n5i5530w1,2024,2025-08-31 18:50:38
339616,"Laptop Lenovo IdeaPad Slim 5 OLED 14IAH10 - 83NC001AVN (Ultra 7 255H, 24GB, 1TB, WUXGA OLED, Win11)",26890000,Lenovo,Laptop,,,,,,,,,,,,,,,https://www.thegioididong.com/laptop/lenovo-ideapad-slim-5-oled-14iah10-ultra-7-83nc001avn,2025,2025-08-31 18:50:38
337474,"Laptop Dell Inspiron 15 3520 - N3520-i5U085W11SLU (i5 1235U, 8GB, 512GB, Full HD 120Hz, OfficeH24+365, Win11)",13490000,Dell,Laptop,,,,,,,,,,,,,5.0,688,https://www.thegioididong.com/laptop/dell-inspiron-15-3520-i5-n3520i5u085w11slu,2025,2025-08-31 18:50:38
339683,"Laptop Asus Vivobook 14 X1404VA - EB155WS (Core 5 120U, 16GB, 512GB, Full HD, OfficeH24+365, Win11)",15490000,Asus,Laptop,,,,,,,,,,,,,5.0,276,https://www.thegioididong.com/laptop/asus-vivobook-14-x1404va-core-5-eb155ws,2025,2025-08-31 18:50:38
322100,"Laptop MSI Gaming Sword 16 HX B14VFKG - 045VN (i7 14700HX, 16GB, 1TB, RTX 4060 8GB, QHD+ 240Hz, Win11)",36690000,MSI,Laptop,,,,,,,,,,,,,4.9,192,https://www.thegioididong.com/laptop/msi-gaming-sword-16-hx-b14vfkg-i7-045vn,2024,2025-08-31 18:50:40
333103,"Laptop Dell Inspiron 15 3520 - 25P2315 (i7 1255U, 16GB, 512GB, Full HD 120Hz, OfficeHS, KYHD, Win11)",18990000,Dell,Laptop,,,,,,,,,,,,,5.0,992,https://www.thegioididong.com/laptop/dell-inspiron-15-3520-i7-25p2315,2024,2025-08-31 18:50:40
333427,"Laptop Acer Gaming Nitro V 15 ANV15 41 R1JY - NH.QPFSV.001 (R5 6600H, 16GB, 512GB, RTX 3050 6GB, Full HD 165Hz, Win11)",19190000,Acer,Laptop,,,,,,,,,,,,,5.0,1121,https://www.thegioididong.com/laptop/acer-nitro-v-15-anv15-41-r1jy-r5-nhqpfsv001,,2025-08-31 18:50:41
331506,"Laptop HP Envy x360 14 fc0162TU - AY8X1PA (Ultra 5 125U, 16GB, 512GB, 2.8K OLED, Cảm ứng, OfficeHS, Win11)",26590000,HP,Laptop,,,,,,,,,,,,,4.9,374,https://www.thegioididong.com/laptop/hp-envy-x360-14-fc0162tu-ultra-5-ay8x1pa,2024,2025-08-31 18:50:41
309375,"Laptop Asus Vivobook 16 X1605VA - MB360W (i5 1335U, 16GB, 512GB, WUXGA, Win11)",14990000,Asus,Laptop,,,,,,,,,,,,,4.9,5309,https://www.thegioididong.com/laptop/asus-vivobook-16-x1605va-i5-mb360w,2023,2025-08-31 18:50:42
310450,"Laptop MSI Modern 15 B12MO - 487VN (i7 1255U, 16GB, 512GB, Full HD, Win11)",17390000,MSI,Laptop,,,,,,,,,,,,,4.9,1160,https://www.thegioididong.com/laptop/msi-modern-15-b12mo-i7-487vn,2023,2025-08-31 18:50:43
327707,"Laptop MSI Gaming Cyborg 15 A13VEK - 1423VN (i7 13620H, 16GB, 512GB, RTX 4050 6GB, Full HD 144Hz, Win11)",25190000,MSI,Laptop,,,,,,,,,,,,,5.0,651,https://www.thegioididong.com/laptop/msi-cyborg-15-a13vek-i7-1423vn,2024,2025-08-31 18:50:44
325699,"Laptop Acer Gaming Aspire A515 58GM 53PZ - NX.KQ4SV.008 (i5 13420H, 8GB, 512GB, RTX 2050 4GB, Full HD, Win11)",14990000,Acer,Laptop,,,,,,,,,,,,,4.9,1372,https://www.thegioididong.com/laptop/acer-aspire-a515-58gm-53pz-i5-nxkq4sv008,2024,2025-08-31 18:50:44
339680,"Laptop Dell Inspiron 14 5440 - N5440-C5U165W11IBD2 (Core 5 120U, 16GB, 512GB, MX570A 2GB, 2.2K, OfficeHS, Win11)",24490000,Dell,Laptop,,,,,,,,,,,,,5.0,43,https://www.thegioididong.com/laptop/dell-inspiron-14-5440-core-5-n5440c5u165w11ibd2,2024,2025-08-31 18:50:44
341602,"Laptop Acer Aspire Lite 16 AI AL16 71P 5674 - NX.D4XSV.001 (Ultra 5 125H, 16GB, 512GB, Full HD+, Win11)",17690000,Acer,Laptop,,,,,,,,,,,,,5.0,14,https://www.thegioididong.com/laptop/acer-aspire-lite-16-ai-al16-71p-5674-ultra-5-125h-nx-d4xsv-001,2025,2025-08-31 18:50:45
311016,"Laptop MSI Modern 15 B12MO - 628VN (i5 1235U, 16GB, 512GB, Full HD, Win11)",12990000,MSI,Laptop,,,,,,,,,,,,,4.9,2888,https://www.thegioididong.com/laptop/msi-modern-15-b12mo-i5-628vn,2023,2025-08-31 18:50:46
337043,"Laptop HP Pavilion 16 af0054TU - AY8C3PA (Ultra 5 125U, 16GB, 1TB, WUXGA, OfficeHS+365, Win11)",21190000,HP,Laptop,,,,,,,,,,,,,5.0,44,https://www.thegioididong.com/laptop/hp-pavilion-16-af0054tu-ultra-5-ay8c3pa,2024,2025-08-31 18:50:47
341751,"Laptop GIGABYTE Gaming A16 GA6H - GAMING-A16-CTHH3VN893SH (i5 13420H, 16GB, 512GB, RTX5050 8GB, WUXGA 165Hz, Win11)",28590000,GIGABYTE,Laptop,,,,,,,,,,,,,5.0,1,https://www.thegioididong.com/laptop/gigabyte-a16-ga6h-i5-13420h-gaming-a16-cthh3vn893sh,2025,2025-08-31 18:50:47
314630,"Laptop Acer Gaming Aspire 5 A515 58GM 51LB - NX.KQ4SV.002 (i5 13420H, 16GB, 512GB, RTX 2050 4GB, Full HD, Win11)",15990000,Acer,Laptop,,,,,,,,,,,,,4.9,6256,https://www.thegioididong.com/laptop/acer-aspire-5-a515-58gm-51lb-i5-nxkq4sv002,2023,2025-08-31 18:50:48
338323,"Laptop Asus Vivobook 15 X1504VA - BQ185WS (Core 5 120U, 16GB, 512GB, Full HD, OfficeH24+365, Win11)",15690000,Asus,Laptop,,,,,,,,,,,,,5.0,431,https://www.thegioididong.com/laptop/asus-x1504va-core-5-bq185ws,2025,2025-08-31 18:50:49
314630,"Laptop Acer Gaming Aspire 5 A515 58GM 51LB - NX.KQ4SV.002 (i5 13420H, 16GB, 512GB, RTX 2050 4GB, Full HD, Win11)",15990000,Acer,Laptop,,,,,,,,,,,,,4.9,6256,https://www.thegioididong.com/laptop/acer-aspire-5-a515-58gm-51lb-i5-nxkq4sv002,2023,2025-08-31 18:50:49
328130,"Laptop Lenovo ThinkBook 14 - 21MR0072VN (Ultra 7 155U, 16GB, 512GB, WUXGA, Win11)",25090000,Lenovo,Laptop,,,,,,,,,,,,,5.0,80,https://www.thegioididong.com/laptop/lenovo-thinkbook-14-ultra-7-21mr0072vn,2024,2025-08-31 18:50:50
331564,Laptop MacBook Pro 14 inch M4 16GB/512GB,37790000,MacBook,Laptop,,,,,,,,,,,,,5.0,1376,https://www.thegioididong.com/laptop/macbook-pro-14-inch-m4-16gb-512gb,10/2024,2025-08-31 18:50:50
231244,Laptop MacBook Air 13 inch M1 8GB/256GB (MGN63SA/A),16990000,MacBook,Laptop,,,,,,,,,,,,,4.9,13985,https://www.thegioididong.com/laptop/apple-macbook-air-2020-mgn63saa,2020,2025-08-31 18:50:50
337044,"Laptop HP Pavilion 16 af0055TU - AY8C4PA (Ultra 5 125U, 16GB, 512GB, WUXGA, OfficeHS+365, Win11)",20190000,HP,Laptop,,,,,,,,,,,,,5.0,198,https://www.thegioididong.com/laptop/hp-pavilion-16-af0055tu-ultra-5-ay8c4pa,2024,2025-08-31 18:50:50
322222,"Laptop Acer Aspire 3 A314 42P R3B3 - NX.KSFSV.001 (R7 5700U, 16GB, 512GB, WUXGA, Win11)",12690000,Acer,Laptop,,,,,,,,,,,,,4.9,3611,https://www.thegioididong.com/laptop/acer-aspire-3-a314-42p-r3b3-r7-nxksfsv001,2024,2025-08-31 18:50:51
325306,Laptop Apple MacBook Air 13 inch M2 16GB/256GB/10GPU (Z160),23090000,MacBook,Laptop,,,,,,,,,,,,,5.0,901,https://www.thegioididong.com/laptop/apple-macbook-air-m2-2022-16gb-256gb-10gpu,6/2022,2025-08-31 18:50:51
333425,"Laptop Acer Aspire 16 AI A16 71M 71U7 - NX.J4YSV.002 (Ultra 7 155H, 16GB, 512GB, Full HD+, Win11)",19990000,Acer,Laptop,,,,,,,,,,,,,5.0,132,https://www.thegioididong.com/laptop/acer-aspire-16-ai-a16-71m-71u7-ultra-7-nxj4ysv002,2024,2025-08-31 18:50:51
313974,"Laptop HP Gaming VICTUS 16 s0077AX - 8C5N6PA (R7 7840HS, 16GB, 512GB, RTX 3050 6GB, Full HD 144Hz, Win11)",22590000,HP,Laptop,,,,,,,,,,,,,4.9,525,https://www.thegioididong.com/laptop/hp-gaming-victus-16-s0077ax-r7-8c5n6pa,2023,2025-08-31 18:50:51
332452,Laptop MacBook Pro 16 inch Nano M4 Pro 24GB/512GB,67090000,MacBook,Laptop,,,,,,,,,,,,,5.0,16,https://www.thegioididong.com/laptop/macbook-pro-16-nano-m4-pro-24-512,10/2024,2025-08-31 18:50:51
334690,"Laptop GIGABYTE Gaming G5 MF5 RC555 - 9RC55MF5FJIINIVN000 (i7 13620H, 16GB, 512GB, RTX 4050 6GB, Full HD 144Hz, Win11)",22790000,GIGABYTE,Laptop,,,,,,,,,,,,,5.0,126,https://www.thegioididong.com/laptop/gigabyte-g5-mf5-rc555-i7-9rc55mf5fjiinivn000,2023,2025-08-31 18:50:52
337041,"Laptop HP Pavilion 16 af0052TU - AY8C1PA (Ultra 7 155U, 16GB, 1TB, WUXGA, OfficeHS+365, Win11)",23190000,HP,Laptop,,,,,,,,,,,,,5.0,80,https://www.thegioididong.com/laptop/hp-pavilion-16-af0052tu-ultra-7-ay8c1pa,2024,2025-08-31 18:50:52
340560,"Laptop Dell Inspiron 15 3530 - 71070372 (i5 1334U, 16GB, 512GB, Full HD 120Hz, OfficeH24+365, Win11)",17990000,Dell,Laptop,,,,,,,,,,,,,5.0,122,https://www.thegioididong.com/laptop/dell-inspiron-15-3530-i5-71070372,2025,2025-08-31 18:50:52
335364,Laptop MacBook Air 13 inch M4 16GB/512GB,30190000,MacBook,Laptop,,,,,,,,,,,,,5.0,995,https://www.thegioididong.com/laptop/macbook-air-13-inch-m4-16gb-512gb,03/2025,2025-08-31 18:50:53
322270,"Laptop Asus Vivobook 14 X1404ZA - NK376W (i5 1235U, 16GB, 512GB, Full HD, Win11)",13990000,Asus,Laptop,,,,,,,,,,,,,4.9,7463,https://www.thegioididong.com/laptop/asus-vivobook-x1404za-i5-nk376w,2024,2025-08-31 18:50:53
339857,"Laptop Lenovo Gaming LOQ 15ARP9 - 83JC00KUVN (R5 7235HS, 24GB, 1TB, RTX 3050 6GB, Full HD 144Hz, Win11)",22190000,Lenovo,Laptop,,,,,,,,,,,,,5.0,181,https://www.thegioididong.com/laptop/lenovo-loq-15arp9-r5-83jc00kuvn,2025,2025-08-31 18:50:53
341752,"Laptop GIGABYTE Gaming A16 GA6H - GAMING-A16-CVHI3VN893SH (i7 13620H, 16GB, 512GB, RTX5060 8GB, WUXGA 165Hz, Win11)",32590000,GIGABYTE,Laptop,,,,,,,,,,,,,,,https://www.thegioididong.com/laptop/gigabyte-a16-ga6h-i7-13620h-gaming-a16-cvhi3vn893sh,2025,2025-08-31 18:50:54
340491,"Laptop Lenovo V14 G4 AMN - 82YT00YNVN (R5 7520U, 16GB, 512GB, Full HD, Win11)",12490000,Lenovo,Laptop,,,,,,,,,,,,,5.0,166,https://www.thegioididong.com/laptop/lenovo-v14-g4-amn-r5-82yt00ynvn,2025,2025-08-31 18:50:54
317712,"Laptop Asus Vivobook 14 X1404ZA - NK246W (i3 1215U, 8GB, 512GB, Full HD, Win11)",10490000,Asus,Laptop,,,,,,,,,,,,,4.9,6772,https://www.thegioididong.com/laptop/asus-vivobook-x1404za-i3-nk246w,2023,2025-08-31 18:50:54
339657,"Laptop Lenovo ThinkPad E16 - 21SR002SVN (Ultra 7 255H, 32GB, 512GB, WUXGA, Win11)",30290000,Lenovo,Laptop,,,,,,,,,,,,,5.0,37,https://www.thegioididong.com/laptop/lenovo-thinkpad-e16-ultra-7-21sr002svn,2025,2025-08-31 18:50:54
335362,Laptop MacBook Air 13 inch M4 16GB/256GB,24590000,MacBook,Laptop,,,,,,,,,,,,,4.9,3466,https://www.thegioididong.com/laptop/macbook-air-13-inch-m4-16gb-256gb,03/2025,2025-08-31 18:50:54
334998,"Laptop Acer Gaming Aspire 5 A515 58GM 598J - NX.KW1SV.002 (i5 13420H, 16GB, 512GB, RTX 2050 4GB, Full HD 144Hz, Win11)",16990000,Acer,Laptop,,,,,,,,,,,,,5.0,189,https://www.thegioididong.com/laptop/acer-aspire-5-a515-58gm-598j-i5-nxkw1sv002,2024,2025-08-31 18:50:55
335369,Laptop MacBook Air 13 inch M4 32GB/256GB,35490000,MacBook,Laptop,,,,,,,,,,,,,5.0,14,https://www.thegioididong.com/laptop/macbook-air-13-inch-m4-32gb-256gb,03/2025,2025-08-31 18:50:55
339587,"Laptop Lenovo IdeaPad Slim 5 OLED 14AKP10 - 83HX0066VN (R7 AI 350, 32GB, 512GB, WUXGA OLED, Win11)",24690000,Lenovo,Laptop,,,,,,,,,,,,,5.0,87,https://www.thegioididong.com/laptop/lenovo-ideapad-slim-5-oled-14akp10-r7-ai-350-83hx0066vn,2025,2025-08-31 18:50:56
338324,"Laptop Asus Gaming Vivobook K3605VC - RP364W (i5 13420H, 16GB, 512GB, RTX 3050 4GB, WUXGA 144Hz, Win11)",19190000,Asus,Laptop,,,,,,,,,,,,,5.0,132,https://www.thegioididong.com/laptop/asus-k3605vc-i5-rp364w,2025,2025-08-31 18:50:56
331362,"Laptop MSI Modern 15 F13MG - 082VN (i5 1335U, 16GB, 512GB, Full HD, Win11)",13690000,MSI,Laptop,,,,,,,,,,,,,5.0,556,https://www.thegioididong.com/laptop/msi-modern-15-f13mg-i5-082vn,2024,2025-08-31 18:50:56
311177,"Laptop HP Pavilion 15 eg3091TU - 8C5L2PA (i7 1355U, 16GB, 512GB, Full HD, Win11)",20590000,HP,Laptop,,,,,,,,,,,,,4.9,2030,https://www.thegioididong.com/laptop/hp-pavilion-15-eg3091tu-i7-8c5l2pa,2023,2025-08-31 18:50:56
322072,"Laptop Lenovo Gaming LOQ 15IAX9 - 83GS000JVN (i5 12450HX, 16GB, 512GB, RTX 3050 6GB, Full HD 144Hz, Win11)",21590000,Lenovo,Laptop,,,,,,,,,,,,,4.9,5175,https://www.thegioididong.com/laptop/lenovo-loq-gaming-15iax9-i5-83gs000jvn,2024,2025-08-31 18:50:58
334999,"Laptop Acer Aspire Lite 15 AL15 41P R3QL - NX.J54SV.001 (R7 5700U, 8GB, 512GB, Full HD, Win11)",12290000,Acer,Laptop,,,,,,,,,,,,,5.0,526,https://www.thegioididong.com/laptop/acer-aspire-lite-15-al15-41p-r3ql-r7-nxj54sv001,2025,2025-08-31 18:51:00
327507,"Laptop Acer Aspire 5 A515 58M 79R7 - NX.KQ8SV.007 (i7 13620H, 16GB, 512GB, Full HD, Win11)",17990000,Acer,Laptop,,,,,,,,,,,,,4.9,399,https://www.thegioididong.com/laptop/acer-aspire-5-a515-58m-79r7-i7-nxkq8sv007,2023,2025-08-31 18:51:03
328906,"Laptop HP 240 G9 - AG2J5AT (i3 1215U, 8GB, 512GB, Full HD, Win11)",10390000,HP,Laptop,,,,,,,,,,,,,4.9,3281,https://www.thegioididong.com/laptop/hp-240-g9-i3-ag2j5at,2024,2025-08-31 18:51:05
339265,"Laptop HP EliteBook 635 Aero G11 - B91D3PT (R7 8840HS, 32GB, 512GB, WUXGA, Win11)",27190000,HP,Laptop,,,,,,,,,,,,,5.0,53,https://www.thegioididong.com/laptop/hp-elitebook-635-aero-g11-r7-b91d3pt,2025,2025-08-31 18:51:07
321467,"Laptop HP Gaming VICTUS 15 fb1022AX - 94F19PA (R5 7535HS, 16GB, 512GB, RTX 2050 4GB, Full HD 144Hz, Win11)",16490000,HP,Laptop,,,,,,,,,,,,,5.0,3563,https://www.thegioididong.com/laptop/hp-victus-15-fb1022ax-r5-94f19pa,2023,2025-08-31 18:51:08
342024,Laptop MacBook Air 13 inch M4 16GB/256GB Sạc 70W,25590000,MacBook,Laptop,,,,,,,,,,,,,5.0,57,https://www.thegioididong.com/laptop/macbook-air-13-inch-m4-16gb-256gb-sac-70w,03/2025,2025-08-31 18:51:09
326124,"Laptop MSI Gaming Thin 15 B12UCX - 2046VN (i5 12450H, 16GB, 512GB, RTX 2050 4GB, Full HD 144Hz, Win11)",15190000,MSI,Laptop,,,,,,,,,,,,,4.9,2087,https://www.thegioididong.com/laptop/msi-thin-15-b12ucx-i5-2046vn,2024,2025-08-31 18:51:09
335554,"Laptop Lenovo Gaming LOQ 15IRX9 - 83DV003CVN (i5 13450HX, 16GB, 512GB, RTX 3050 6GB, Full HD 144Hz, Win11)",22890000,Lenovo,Laptop,,,,,,,,,,,,,5.0,371,https://www.thegioididong.com/laptop/lenovo-loq-15irx9-i5-83dv003cvn,2024,2025-08-31 18:51:09
328235,"Laptop Asus TUF Gaming F15 FX507ZC4 - HN330W (i5 12500H, 16GB, 512GB, RTX 3050 4GB, Full HD 144Hz, Win11)",18990000,Asus,Laptop,,,,,,,,,,,,,4.9,2241,https://www.thegioididong.com/laptop/asus-gaming-tuf-f15-fx507zc4-i5-hn330w,2024,2025-08-31 18:51:09
332370,"Laptop Lenovo ThinkBook 16 G7 - 21MS007HVN (Ultra 7 155U, 32GB, 1TB, WUXGA, Win11)",28090000,Lenovo,Laptop,,,,,,,,,,,,,5.0,68,https://www.thegioididong.com/laptop/lenovo-thinkbook-16-g7-ultra-7-21ms007hvn,2024,2025-08-31 18:51:11
325306,Laptop Apple MacBook Air 13 inch M2 16GB/256GB/10GPU (Z160),23090000,MacBook,Laptop,,,,,,,,,,,,,5.0,901,https://www.thegioididong.com/laptop/apple-macbook-air-m2-2022-16gb-256gb-10gpu,6/2022,2025-08-31 18:51:12
338322,"Laptop Asus Vivobook S16 S3607VA - RP055WS (i5 13420H, 16GB, 512GB, WUXGA 144Hz, OfficeH24+365, Win11)",18390000,Asus,Laptop,,,,,,,,,,,,,5.0,236,https://www.thegioididong.com/laptop/asus-s3607va-i5-rp055ws,2025,2025-08-31 18:51:12
327872,"Laptop Asus TUF Gaming A15 FA507NUR - LP057W (R7 7435HS, 16GB, 512GB, RTX 4050 6GB, Full HD 144Hz, Win11)",23990000,Asus,Laptop,,,,,,,,,,,,,5.0,1117,https://www.thegioididong.com/laptop/asus-fa507nur-r7-lp057w,2024,2025-08-31 18:51:13
335373,Laptop MacBook Air 15 inch M4 16GB/512GB,34390000,MacBook,Laptop,,,,,,,,,,,,,5.0,107,https://www.thegioididong.com/laptop/macbook-air-15-inch-m4-16gb-512gb,03/2025,2025-08-31 18:51:13
335366,Laptop MacBook Air 13 inch M4 24GB/256GB,31390000,MacBook,Laptop,,,,,,,,,,,,,4.9,99,https://www.thegioididong.com/laptop/macbook-air-13-inch-m4-24gb-256gb,03/2025,2025-08-31 18:51:14
341612,"Laptop MSI Katana 15 B13VEK - 2256VN (i7 13620H, 16GB, 512GB, RTX4050 6GB, Full HD 144Hz, Win11)",25190000,MSI,Laptop,,,,,,,,,,,,,5.0,20,https://www.thegioididong.com/laptop/msi-katana-15-b13vek-i7-13620h-2256vn,2024,2025-08-31 18:51:14
334792,"Laptop Asus Vivobook 15 X1504VA - NJ1634W (i3 1315U, 8GB, 512GB, Full HD, Win11)",10690000,Asus,Laptop,,,,,,,,,,,,,5.0,2448,https://www.thegioididong.com/laptop/asus-vivobook-15-x1504va-i3-nj1634w,2025,2025-08-31 18:51:14
339687,"Laptop Asus TUF Gaming F16 FX607VJ - RL034W (Core 5 210H, 16GB, 512GB, RTX 3050 6GB, Full HD+ 144Hz, Win11)",21690000,Asus,Laptop,,,,,,,,,,,,,5.0,125,https://www.thegioididong.com/laptop/asus-tuf-gaming-f16-fx607vj-core-5-rl034w,2025,2025-08-31 18:51:14
337233,"Laptop Lenovo Ideapad Slim 3 14IRH10 - 83K0000CVN (i5 13420H, 24GB, 512GB, WUXGA OLED, Win11)",18990000,Lenovo,Laptop,,,,,,,,,,,,,5.0,763,https://www.thegioididong.com/laptop/lenovo-ideapad-slim-3-oled-14irh10-i5-83k0000cvn,2025,2025-08-31 18:51:14
272282,"Laptop Acer Gaming Nitro 5 Tiger AN515 58 52SP - NH.QFHSV.001 (i5 12500H, 8GB, 512GB, RTX 3050 4GB, Full HD 144Hz, Win11)",17990000,Acer,Laptop,,,,,,,,,,,,,4.9,1487,https://www.thegioididong.com/laptop/acer-nitro-5-tiger-an515-58-52sp-i5-nhqfhsv001,2022,2025-08-31 18:51:14
325247,"Laptop Dell Inspiron 15 3530 - P16WD (i7 1355U, 16GB, 1TB, Full HD 120Hz, OfficeHS, Win11)",21990000,Dell,Laptop,,,,,,,,,,,,,4.9,2180,https://www.thegioididong.com/laptop/dell-inspiron-15-3530-i7-p16wd,2024,2025-08-31 18:51:15
331566,Laptop MacBook Pro 14 inch M4 16GB/1TB,44090000,MacBook,Laptop,,,,,,,,,,,,,5.0,86,https://www.thegioididong.com/laptop/macbook-pro-14-inch-m4-16gb-1tb,10/2024,2025-08-31 18:51:15
316941,"Laptop MSI Gaming GF63 Thin 12UC - 887VN (i7 12650H, 8GB, 512GB, RTX 3050 4GB, Full HD 144Hz, Win11)",18690000,MSI,Laptop,,,,,,,,,,,,,4.9,1199,https://www.thegioididong.com/laptop/msi-gaming-gf63-thin-12uc-i7-887vn,2023,2025-08-31 18:51:16
337842,"Laptop GIGABYTE Gaming G6 MF RC56 - 9RC56MF0HJIIXIVN000 (i7 13620H, 16GB, 512GB, RTX 4050 6GB, WUXGA 165Hz, Win11)",23690000,GIGABYTE,Laptop,,,,,,,,,,,,,5.0,50,https://www.thegioididong.com/laptop/gigabyte-g6-mf-rc56-i7-9rc56mf0hjiixivn000,2024,2025-08-31 18:51:17
328130,"Laptop Lenovo ThinkBook 14 - 21MR0072VN (Ultra 7 155U, 16GB, 512GB, WUXGA, Win11)",25090000,Lenovo,Laptop,,,,,,,,,,,,,5.0,80,https://www.thegioididong.com/laptop/lenovo-thinkbook-14-ultra-7-21mr0072vn,2024,2025-08-31 18:51:17
337042,"Laptop HP Pavilion 16 af0053TU - AY8C2PA (Ultra 7 155U, 16GB, 512GB, WUXGA, OfficeHS+365, Win11)",22190000,HP,Laptop,,,,,,,,,,,,,5.0,231,https://www.thegioididong.com/laptop/hp-pavilion-16-af0053tu-ultra-7-ay8c2pa,2024,2025-08-31 18:51:19
335373,Laptop MacBook Air 15 inch M4 16GB/512GB,34390000,MacBook,Laptop,,,,,,,,,,,,,5.0,107,https://www.thegioididong.com/laptop/macbook-air-15-inch-m4-16gb-512gb,03/2025,2025-08-31 18:51:20
339616,"Laptop Lenovo IdeaPad Slim 5 OLED 14IAH10 - 83NC001AVN (Ultra 7 255H, 24GB, 1TB, WUXGA OLED, Win11)",26890000,Lenovo,Laptop,,,,,,,,,,,,,,,https://www.thegioididong.com/laptop/lenovo-ideapad-slim-5-oled-14iah10-ultra-7-83nc001avn,2025,2025-08-31 18:51:21
331566,Laptop MacBook Pro 14 inch M4 16GB/1TB,44090000,MacBook,Laptop,,,,,,,,,,,,,5.0,86,https://www.thegioididong.com/laptop/macbook-pro-14-inch-m4-16gb-1tb,10/2024,2025-08-31 18:51:21
337042,"Laptop HP Pavilion 16 af0053TU - AY8C2PA (Ultra 7 155U, 16GB, 512GB, WUXGA, OfficeHS+365, Win11)",22190000,HP,Laptop,,,,,,,,,,,,,5.0,231,https://www.thegioididong.com/laptop/hp-pavilion-16-af0053tu-ultra-7-ay8c2pa,2024,2025-08-31 18:51:22
336968,"Laptop MSI VenturePro 16 AI A1VEG - 003VN (Ultra 7 155H, 16GB, 512GB, RTX 4050 6GB, 2K OLED 120Hz, Win11)",33690000,MSI,Laptop,,,,,,,,,,,,,5.0,4,https://www.thegioididong.com/laptop/msi-venturepro-16-ai-a1veg-ultra-7-003vn,2025,2025-08-31 18:51:22
313974,"Laptop HP Gaming VICTUS 16 s0077AX - 8C5N6PA (R7 7840HS, 16GB, 512GB, RTX 3050 6GB, Full HD 144Hz, Win11)",22590000,HP,Laptop,,,,,,,,,,,,,4.9,525,https://www.thegioididong.com/laptop/hp-gaming-victus-16-s0077ax-r7-8c5n6pa,2023,2025-08-31 18:51:22
340558,"Laptop Dell Inspiron 15 3530 - N3530-i5U165W11SLU-HS24 (i5 1334U, 16GB, Full HD 120Hz, OfficeH24+365, Win11)",17990000,Dell,Laptop,,,,,,,,,,,,,5.0,54,https://www.thegioididong.com/laptop/dell-inspiron-15-3530-i5-n3530-i5u165w11slu-hs24,2025,2025-08-31 18:51:23
333427,"Laptop Acer Gaming Nitro V 15 ANV15 41 R1JY - NH.QPFSV.001 (R5 6600H, 16GB, 512GB, RTX 3050 6GB, Full HD 165Hz, Win11)",19190000,Acer,Laptop,,,,,,,,,,,,,5.0,1121,https://www.thegioididong.com/laptop/acer-nitro-v-15-anv15-41-r1jy-r5-nhqpfsv001,,2025-08-31 18:51:23
337420,"Laptop HP 245 G10 - B8PF9AT (R5 7530U, 8GB, 512GB, Full HD, Win11)",12190000,HP,Laptop,,,,,,,,,,,,,5.0,611,https://www.thegioididong.com/laptop/hp-245-g10-r5-b8pf9at,2025,2025-08-31 18:51:24
341602,"Laptop Acer Aspire Lite 16 AI AL16 71P 5674 - NX.D4XSV.001 (Ultra 5 125H, 16GB, 512GB, Full HD+, Win11)",17690000,Acer,Laptop,,,,,,,,,,,,,5.0,14,https://www.thegioididong.com/laptop/acer-aspire-lite-16-ai-al16-71p-5674-ultra-5-125h-nx-d4xsv-001,2025,2025-08-31 18:51:25
326861,"Laptop MSI Gaming GF63 Thin 12VE - 460VN (i5 12450H, 16GB, 512GB, RTX 4050 6GB, Full HD 144Hz, Win11)",20290000,MSI,Laptop,,,,,,,,,,,,,4.9,2424,https://www.thegioididong.com/laptop/msi-gf63-thin-12ve-i5-460vn,2023,2025-08-31 18:51:25
335367,Laptop MacBook Air 13 inch M4 24GB/512GB,35190000,MacBook,Laptop,,,,,,,,,,,,,5.0,170,https://www.thegioididong.com/laptop/macbook-air-13-inch-m4-24gb-512gb,03/2025,2025-08-31 18:51:25
329787,"Laptop MSI Prestige 14 AI Studio C1UDXG - 058VN (Ultra 7 155H, 16GB, 1TB, RTX 3050 6GB, Full HD+ 144Hz, Win11)",28590000,MSI,Laptop,,,,,,,,,,,,,5.0,40,https://www.thegioididong.com/laptop/msi-prestige-14-ai-studio-c1udxg-ultra-7-058vn,2024,2025-08-31 18:51:26
335367,Laptop MacBook Air 13 inch M4 24GB/512GB,35190000,MacBook,Laptop,,,,,,,,,,,,,5.0,170,https://www.thegioididong.com/laptop/macbook-air-13-inch-m4-24gb-512gb,03/2025,2025-08-31 18:51:26
311177,"Laptop HP Pavilion 15 eg3091TU - 8C5L2PA (i7 1355U, 16GB, 512GB, Full HD, Win11)",20590000,HP,Laptop,,,,,,,,,,,,,4.9,2030,https://www.thegioididong.com/laptop/hp-pavilion-15-eg3091tu-i7-8c5l2pa,2023,2025-08-31 18:51:26
334997,"Laptop Acer Aspire Go AG15 31P 30M4 - NX.KRPSV.004 (i3 N305, 8GB, 256GB, Full HD, Win11)",9690000,Acer,Laptop,,,,,,,,,,,,,4.9,1674,https://www.thegioididong.com/laptop/acer-aspire-go-ag15-31p-30m4-i3-nxkrpsv004,2024,2025-08-31 18:51:28
325479,"Laptop Asus Vivobook S 16 OLED S5606MA - MX050W (Ultra 5 125H, 16GB, 512GB, 3.2K OLED 120Hz, Win11)",23190000,Asus,Laptop,,,,,,,,,,,,,4.9,1356,https://www.thegioididong.com/laptop/asus-vivobook-s-16-oled-s5606ma-ultra-5-mx050w,2024,2025-08-31 18:51:29
328238,"Laptop Asus Gaming Vivobook K3605ZC - RP629W (i5 12500H, 16GB, 512GB, RTX 3050 4GB, WUXGA 144Hz, Win11)",18390000,Asus,Laptop,,,,,,,,,,,,,4.9,1912,https://www.thegioididong.com/laptop/asus-vivobook-k3605zc-i5-rp629w,2024,2025-08-31 18:51:29
339581,"Laptop Lenovo IdeaPad Slim 5 OLED 14AKP10 - 83HX0065VN (R5 AI 340, 32GB, 512GB, WUXGA OLED, Win11)",22390000,Lenovo,Laptop,,,,,,,,,,,,,5.0,66,https://www.thegioididong.com/laptop/lenovo-ideapad-slim-5-oled-14akp10-r5-ai-350-83hx0065vn,2025,2025-08-31 18:51:30
328814,"Laptop HP 240 G9 - AG2J7AT (i5 1235U, 16GB, 512GB, Full HD, Win11)",14990000,HP,Laptop,,,,,,,,,,,,,5.0,4179,https://www.thegioididong.com/laptop/hp-240-g9-i5-ag2j7at,2024,2025-08-31 18:51:30
338207,"Laptop HP 240 G10 - B93GZAT (i5 1334U, 16GB, 512GB, Full HD, Win11)",16190000,HP,Laptop,,,,,,,,,,,,,5.0,1093,https://www.thegioididong.com/laptop/hp-240-g10-i5-b93gzat,2025,2025-08-31 18:51:30
338204,"Laptop HP Gaming VICTUS 15 fa2731TX - B85LNPA (i5 13420H, 16GB, 512GB, RTX 3050 6GB, Full HD 144Hz, Win11)",20690000,HP,Laptop,,,,,,,,,,,,,4.9,148,https://www.thegioididong.com/laptop/hp-victus-15-fa2731tx-i5-b85lnpa,2024,2025-08-31 18:51:31
309375,"Laptop Asus Vivobook 16 X1605VA - MB360W (i5 1335U, 16GB, 512GB, WUXGA, Win11)",14990000,Asus,Laptop,,,,,,,,,,,,,4.9,5309,https://www.thegioididong.com/laptop/asus-vivobook-16-x1605va-i5-mb360w,2023,2025-08-31 18:51:31
332448,Laptop MacBook Pro 14 inch Nano M4 16GB/512GB,41690000,MacBook,Laptop,,,,,,,,,,,,,5.0,204,https://www.thegioididong.com/laptop/macbook-pro-14-nano-m4-16-512,10/2024,2025-08-31 18:51:32
333430,"Laptop Acer Gaming Nitro V 15 ANV15 41 R2UP - NH.QPGSV.004 (R5 6600H, 16GB, 512GB, RTX 2050 4GB, Full HD 165Hz, Win11)",17190000,Acer,Laptop,,,,,,,,,,,,,5.0,1606,https://www.thegioididong.com/laptop/acer-nitro-v-15-anv15-41-r2up-r5-nhqpgsv004,,2025-08-31 18:51:33
335362,Laptop MacBook Air 13 inch M4 16GB/256GB,24590000,MacBook,Laptop,,,,,,,,,,,,,4.9,3466,https://www.thegioididong.com/laptop/macbook-air-13-inch-m4-16gb-256gb,03/2025,2025-08-31 18:51:33
341626,"Laptop Acer Gaming Nitro V 15 ProPanel ANV15 52 59AA - NH.QZ9SV.002 (i5 13420H, 16GB, 512GB, RTX 5050 8GB, Full HD 180Hz, Win11)",29690000,Acer,Laptop,,,,,,,,,,,,,5.0,5,https://www.thegioididong.com/laptop/acer-nitro-v-15-propanel-anv15-52-59aa-i5-13420h-nh-qz9sv-002,2025,2025-08-31 18:51:34
332365,"Laptop Lenovo Gaming LOQ 15IAX9E - 83LK000BVN (i5 12450HX, 16GB, 512GB, RTX 2050 4GB, Full HD 144Hz, Win11)",17990000,Lenovo,Laptop,,,,,,,,,,,,,4.9,2429,https://www.thegioididong.com/laptop/lenovo-loq-15iax9e-i5-83lk000bvn,2024,2025-08-31 18:51:34
331564,Laptop MacBook Pro 14 inch M4 16GB/512GB,37790000,MacBook,Laptop,,,,,,,,,,,,,5.0,1376,https://www.thegioididong.com/laptop/macbook-pro-14-inch-m4-16gb-512gb,10/2024,2025-08-31 18:51:35
338311,"Laptop Dell Inspiron 15 3530 - N5I7216W1 (i7 1355U, 16GB, 512GB, Full HD 120Hz, OfficeH24+365, Win11)",20990000,Dell,Laptop,,,,,,,,,,,,,5.0,752,https://www.thegioididong.com/laptop/dell-inspiron-15-3530-i7-n5i7216w1,2025,2025-08-31 18:51:36
335366,Laptop MacBook Air 13 inch M4 24GB/256GB,31390000,MacBook,Laptop,,,,,,,,,,,,,4.9,99,https://www.thegioididong.com/laptop/macbook-air-13-inch-m4-24gb-256gb,03/2025,2025-08-31 18:51:36
334694,"Laptop GIGABYTE AORUS 16X X6LAG - 9RX6LASGDDJIXDVN010 (i7 14650HX, 16GB, 1TB, RTX 4070 8GB, WQXGA 165Hz, Win11)",38390000,GIGABYTE,Laptop,,,,,,,,,,,,,5.0,2,https://www.thegioididong.com/laptop/gigabyte-aorus-16x-x6lag-i7-9rx6lasgddjixdvn010,2024,2025-08-31 18:51:36
326124,"Laptop MSI Gaming Thin 15 B12UCX - 2046VN (i5 12450H, 16GB, 512GB, RTX 2050 4GB, Full HD 144Hz, Win11)",15190000,MSI,Laptop,,,,,,,,,,,,,4.9,2087,https://www.thegioididong.com/laptop/msi-thin-15-b12ucx-i5-2046vn,2024,2025-08-31 18:51:37
334689,"Laptop GIGABYTE Gaming G5 MF5 RC555 - 9RC55MF5FEIAA1VN0C0 (i5 13500H, 16GB, 512GB, RTX 4050 6GB, Full HD 144Hz, Win11)",20790000,GIGABYTE,Laptop,,,,,,,,,,,,,5.0,112,https://www.thegioididong.com/laptop/gigabyte-g5-mf5-rc555-i5-9rc55mf5feiaa1vn0c0,2023,2025-08-31 18:51:39
335554,"Laptop Lenovo Gaming LOQ 15IRX9 - 83DV003CVN (i5 13450HX, 16GB, 512GB, RTX 3050 6GB, Full HD 144Hz, Win11)",22890000,Lenovo,Laptop,,,,,,,,,,,,,5.0,371,https://www.thegioididong.com/laptop/lenovo-loq-15irx9-i5-83dv003cvn,2024,2025-08-31 18:51:39
341750,"Laptop GIGABYTE Gaming AERO X16 - GIGABYTE-AERO-X161VH93VNC64AH (R7 AI 350, 32GB, 1TB, RTX5060 8GB, WQXGA 165Hz, Win11)",37590000,GIGABYTE,Laptop,,,,,,,,,,,,,,,https://www.thegioididong.com/laptop/gigabyte-aero-x16-r7-ai-350-gigabyte-aero-x161vh93vnc64ah,2025,2025-08-31 18:51:39
333430,"Laptop Acer Gaming Nitro V 15 ANV15 41 R2UP - NH.QPGSV.004 (R5 6600H, 16GB, 512GB, RTX 2050 4GB, Full HD 165Hz, Win11)",17190000,Acer,Laptop,,,,,,,,,,,,,5.0,1606,https://www.thegioididong.com/laptop/acer-nitro-v-15-anv15-41-r2up-r5-nhqpgsv004,,2025-08-31 18:51:40
339265,"Laptop HP EliteBook 635 Aero G11 - B91D3PT (R7 8840HS, 32GB, 512GB, WUXGA, Win11)",27190000,HP,Laptop,,,,,,,,,,,,,5.0,53,https://www.thegioididong.com/laptop/hp-elitebook-635-aero-g11-r7-b91d3pt,2025,2025-08-31 18:51:40
339212,"Laptop GIGABYTE Gaming G6 KF RC56 - 9RC56KF0HJIIXIVN000 (i7 13620H, 16GB, 512GB, RTX 4060 8GB, WUXGA 165Hz, Win11)",25690000,GIGABYTE,Laptop,,,,,,,,,,,,,5.0,15,https://www.thegioididong.com/laptop/gigabyte-g6-kf-rc56-i7-9rc56kf0hjiixivn000,2024,2025-08-31 18:51:41
326830,"Laptop HP Pavilion X360 14 ek2024TU - 9Z2V6PA (Core 5 120U, 16GB, 512GB, Full HD, Cảm ứng, Win11)",21290000,HP,Laptop,,,,,,,,,,,,,5.0,1809,https://www.thegioididong.com/laptop/hp-pavilion-x360-14-ek2024tu-core-5-9z2v6pa,2024,2025-08-31 18:51:41
335375,Laptop MacBook Air 15 inch M4 24GB/256GB,35790000,MacBook,Laptop,,,,,,,,,,,,,5.0,47,https://www.thegioididong.com/laptop/macbook-air-15-inch-m4-24gb-256gb,03/2025,2025-08-31 18:51:42
325500,"Laptop Lenovo Ideapad Slim 3 15AMN8 - 82XQ00J0VN (R5 7520U, 16GB, 512GB, Full HD, Win11)",13090000,Lenovo,Laptop,,,,,,,,,,,,,4.9,5157,https://www.thegioididong.com/laptop/lenovo-ideapad-slim-3-15amn8-r5-82xq00j0vn,2024,2025-08-31 18:51:42
313177,"Laptop Acer Gaming Aspire 7 A715 76G 5806 - NH.QMFSV.002 (i5 12450H, 16GB, 512GB, RTX 3050 4GB, Full HD 144Hz, Win11)",18690000,Acer,Laptop,,,,,,,,,,,,,4.9,1324,https://www.thegioididong.com/laptop/acer-aspire-7-gaming-a715-76g-5806-i5-nhqmfsv002,2023,2025-08-31 18:51:43
328906,"Laptop HP 240 G9 - AG2J5AT (i3 1215U, 8GB, 512GB, Full HD, Win11)",10390000,HP,Laptop,,,,,,,,,,,,,4.9,3281,https://www.thegioididong.com/laptop/hp-240-g9-i3-ag2j5at,2024,2025-08-31 18:51:43
325500,"Laptop Lenovo Ideapad Slim 3 15AMN8 - 82XQ00J0VN (R5 7520U, 16GB, 512GB, Full HD, Win11)",13090000,Lenovo,Laptop,,,,,,,,,,,,,4.9,5157,https://www.thegioididong.com/laptop/lenovo-ideapad-slim-3-15amn8-r5-82xq00j0vn,2024,2025-08-31 18:51:43
326049,"Laptop HP 245 G10 - A20TDPT (R5 7530U, 8GB, 512GB, Full HD, Win11)",12190000,HP,Laptop,,,,,,,,,,,,,4.9,5921,https://www.thegioididong.com/laptop/hp-245-g10-r5-a20tdpt,2024,2025-08-31 18:51:43
289472,Laptop MacBook Air 13 inch M2 16GB/256GB,19590000,MacBook,Laptop,,,,,,,,,,,,,4.9,7624,https://www.thegioididong.com/laptop/apple-macbook-air-m2-2022-16gb-256gb,6/2022,2025-08-31 18:51:43
310449,"Laptop MSI Modern 15 B12MO - 625VN (i5 1235U, 8GB, 512GB, Full HD, Win11)",11490000,MSI,Laptop,,,,,,,,,,,,,4.9,2083,https://www.thegioididong.com/laptop/msi-modern-15-b12mo-i5-625vn,2023,2025-08-31 18:51:43
335367,Laptop MacBook Air 13 inch M4 24GB/512GB,35190000,MacBook,Laptop,,,,,,,,,,,,,5.0,170,https://www.thegioididong.com/laptop/macbook-air-13-inch-m4-24gb-512gb,03/2025,2025-08-31 18:51:44
326641,"Laptop Lenovo V14 G4 - 83A00012VN (i7 1355U, 16GB, 512GB, Full HD, Win11)",17990000,Lenovo,Laptop,,,,,,,,,,,,,4.9,443,https://www.thegioididong.com/laptop/lenovo-thinkpad-v14-i7-83a00012vn,2024,2025-08-31 18:51:44
340560,"Laptop Dell Inspiron 15 3530 - 71070372 (i5 1334U, 16GB, 512GB, Full HD 120Hz, OfficeH24+365, Win11)",17990000,Dell,Laptop,,,,,,,,,,,,,5.0,122,https://www.thegioididong.com/laptop/dell-inspiron-15-3530-i5-71070372,2025,2025-08-31 18:51:45
317712,"Laptop Asus Vivobook 14 X1404ZA - NK246W (i3 1215U, 8GB, 512GB, Full HD, Win11)",10490000,Asus,Laptop,,,,,,,,,,,,,4.9,6772,https://www.thegioididong.com/laptop/asus-vivobook-x1404za-i3-nk246w,2023,2025-08-31 18:51:45
310447,"Laptop MSI Gaming Katana 15 B13VFK - 676VN (i7 13620H, 16GB, 1TB, RTX 4060 8GB, Full HD 144Hz, Win11)",28690000,MSI,Laptop,,,,,,,,,,,,,4.9,666,https://www.thegioididong.com/laptop/msi-katana-15-b13vfk-i7-676vn,2023,2025-08-31 18:51:45
342024,Laptop MacBook Air 13 inch M4 16GB/256GB Sạc 70W,25590000,MacBook,Laptop,,,,,,,,,,,,,5.0,57,https://www.thegioididong.com/laptop/macbook-air-13-inch-m4-16gb-256gb-sac-70w,03/2025,2025-08-31 18:51:46
318163,"Laptop HP Gaming VICTUS 15 fa1139TX - 8Y6W3PA (i5 12450H, 16GB, 512GB, RTX 2050 4GB, Full HD 144Hz, Win11)",17190000,HP,Laptop,,,,,,,,,,,,,4.9,3856,https://www.thegioididong.com/laptop/hp-victus-15-fa1139tx-i5-8y6w3pa,2023,2025-08-31 18:51:46
335553,"Laptop Lenovo Gaming LOQ 15IRX9 - 83DV00PSVN (i5 13450HX, 24GB, 512GB, RTX 3050 6GB, Full HD 144Hz, Win11)",23790000,Lenovo,Laptop,,,,,,,,,,,,,5.0,452,https://www.thegioididong.com/laptop/lenovo-loq-15irx9-i5-83dv00psvn,2024,2025-08-31 18:51:46
327710,"Laptop MSI Modern 14 C13M - 611VN (i5 1335U, 16GB, 512GB, Full HD, Win11)",14690000,MSI,Laptop,,,,,,,,,,,,,5.0,522,https://www.thegioididong.com/laptop/msi-modern-14-c13m-i5-611vn,2023,2025-08-31 18:51:47
325306,Laptop Apple MacBook Air 13 inch M2 16GB/256GB/10GPU (Z160),23090000,MacBook,Laptop,,,,,,,,,,,,,5.0,901,https://www.thegioididong.com/laptop/apple-macbook-air-m2-2022-16gb-256gb-10gpu,6/2022,2025-08-31 18:51:48
335553,"Laptop Lenovo Gaming LOQ 15IRX9 - 83DV00PSVN (i5 13450HX, 24GB, 512GB, RTX 3050 6GB, Full HD 144Hz, Win11)",23790000,Lenovo,Laptop,,,,,,,,,,,,,5.0,452,https://www.thegioididong.com/laptop/lenovo-loq-15irx9-i5-83dv00psvn,2024,2025-08-31 18:51:48
311176,"Laptop HP Pavilion 15 eg3093TU - 8C5L4PA (i5 1335U, 16GB, 512GB, Full HD, Win11)",17390000,HP,Laptop,,,,,,,,,,,,,4.9,5462,https://www.thegioididong.com/laptop/hp-pavilion-15-eg3093tu-i5-8c5l4pa,2023,2025-08-31 18:51:49
337475,"Laptop Dell Inspiron 15 3520 - N3520-i7U165W11SLU-BL (i7 1255U, 16GB, 512GB, Full HD 120Hz, OfficeH24+365, Win11)",18990000,Dell,Laptop,,,,,,,,,,,,,5.0,228,https://www.thegioididong.com/laptop/dell-inspiron-15-3520-i7-n3520i7u165w11slu-bl,2025,2025-08-31 18:51:50
331575,Laptop MacBook Pro 16 inch M4 Pro 24GB/1TB,68090000,MacBook,Laptop,,,,,,,,,,,,,5.0,47,https://www.thegioididong.com/laptop/macbook-pro-16-inch-m4-pro-24gb-1tb,10/2024,2025-08-31 18:51:50
338278,"Laptop Lenovo Gaming LOQ 15ARP9 - 83JC00J0VN (R7 7435HS, 24GB, 512GB, RTX 4050 6GB, Full HD 144Hz, Win11)",26790000,Lenovo,Laptop,,,,,,,,,,,,,5.0,233,https://www.thegioididong.com/laptop/lenovo-loq-15arp9-r7-83jc00j0vn,2025,2025-08-31 18:51:51
335372,Laptop MacBook Air 15 inch M4 16GB/256GB,29490000,MacBook,Laptop,,,,,,,,,,,,,5.0,411,https://www.thegioididong.com/laptop/macbook-air-15-inch-m4-16gb-256gb,03/2025,2025-08-31 18:51:52
331568,Laptop MacBook Pro 14 inch M4 Pro 24GB/512GB,47690000,MacBook,Laptop,,,,,,,,,,,,,5.0,668,https://www.thegioididong.com/laptop/macbook-pro-14-inch-m4-pro-24gb-512gb,10/2024,2025-08-31 18:51:53
331568,Laptop MacBook Pro 14 inch M4 Pro 24GB/512GB,47690000,MacBook,Laptop,,,,,,,,,,,,,5.0,668,https://www.thegioididong.com/laptop/macbook-pro-14-inch-m4-pro-24gb-512gb,10/2024,2025-08-31 18:51:53
337841,"Laptop GIGABYTE Gaming AORUS MASTER 16 - Win11 (Ultra 9 275HX, 32GB, 1TB, RTX 5080 16GB, WQXGA OLED 240Hz, Win11 )",87890000,GIGABYTE,Laptop,,,,,,,,,,,,,,,https://www.thegioididong.com/laptop/gigabyte-aorus-master-16-ultra-9-16-byhc5vne64sh,2025,2025-08-31 18:51:53
322073,"Laptop Lenovo Ideapad Slim 3 15IRH8 - 83EM003FVN (i7 13620H, 16GB, 1TB, Full HD, Win11)",17190000,Lenovo,Laptop,,,,,,,,,,,,,4.9,2467,https://www.thegioididong.com/laptop/lenovo-ideapad-slim-3-15irh8-i7-83em003fvn,2023,2025-08-31 18:51:53
328238,"Laptop Asus Gaming Vivobook K3605ZC - RP629W (i5 12500H, 16GB, 512GB, RTX 3050 4GB, WUXGA 144Hz, Win11)",18390000,Asus,Laptop,,,,,,,,,,,,,4.9,1912,https://www.thegioididong.com/laptop/asus-vivobook-k3605zc-i5-rp629w,2024,2025-08-31 18:51:53
327507,"Laptop Acer Aspire 5 A515 58M 79R7 - NX.KQ8SV.007 (i7 13620H, 16GB, 512GB, Full HD, Win11)",17990000,Acer,Laptop,,,,,,,,,,,,,4.9,399,https://www.thegioididong.com/laptop/acer-aspire-5-a515-58m-79r7-i7-nxkq8sv007,2023,2025-08-31 18:51:53
337843,"Laptop GIGABYTE Gaming A16 GA6H - GAMING-A16-CMHH2VN893SH (i5 13420H, 16GB, 512GB, RTX 4050 6GB, WUXGA 165Hz, Win11)",23990000,GIGABYTE,Laptop,,,,,,,,,,,,,5.0,7,https://www.thegioididong.com/laptop/gigabyte-a16-ga6h-i5-gaminga16cmhh2vn893sh,2025,2025-08-31 18:51:54
342024,Laptop MacBook Air 13 inch M4 16GB/256GB Sạc 70W,25590000,MacBook,Laptop,,,,,,,,,,,,,5.0,57,https://www.thegioididong.com/laptop/macbook-air-13-inch-m4-16gb-256gb-sac-70w,03/2025,2025-08-31 18:51:54
326279,"Laptop MSI Gaming Thin 15 B12UC - 2045VN (i5 12450H, 16GB, 512GB, RTX 3050 4GB, Full HD 144Hz, Win11)",17690000,MSI,Laptop,,,,,,,,,,,,,4.9,1000,https://www.thegioididong.com/laptop/msi-thin-15-b12uc-i5-2045vn,2024,2025-08-31 18:51:55
332370,"Laptop Lenovo ThinkBook 16 G7 - 21MS007HVN (Ultra 7 155U, 32GB, 1TB, WUXGA, Win11)",28090000,Lenovo,Laptop,,,,,,,,,,,,,5.0,68,https://www.thegioididong.com/laptop/lenovo-thinkbook-16-g7-ultra-7-21ms007hvn,2024,2025-08-31 18:51:55
325691,"Laptop HP 15 fd0015TU - A19C5PA (i7 1355U, 16GB, 512GB, Full HD, Win11)",19290000,HP,Laptop,,,,,,,,,,,,,4.9,3623,https://www.thegioididong.com/laptop/hp-15-fd0015tu-i7-a19c5pa,2024,2025-08-31 18:51:55
339212,"Laptop GIGABYTE Gaming G6 KF RC56 - 9RC56KF0HJIIXIVN000 (i7 13620H, 16GB, 512GB, RTX 4060 8GB, WUXGA 165Hz, Win11)",25690000,GIGABYTE,Laptop,,,,,,,,,,,,,5.0,15,https://www.thegioididong.com/laptop/gigabyte-g6-kf-rc56-i7-9rc56kf0hjiixivn000,2024,2025-08-31 18:51:56
308697,"Laptop MSI Gaming GF63 Thin 12VE - 460VN (i5 12450H, 8GB, 512GB, RTX 4050 6GB, Full HD 144Hz, Win11)",19290000,MSI,Laptop,,,,,,,,,,,,,4.9,1009,https://www.thegioididong.com/laptop/msi-gaming-gf63-thin-12ve-i5-460vn,2023,2025-08-31 18:51:56
340486,"Laptop HP 15 fd0235TU - 9Q970PA (i5 1334U, 16GB, 512GB, Full HD, Win11)",15490000,HP,Laptop,,,,,,,,,,,,,5.0,545,https://www.thegioididong.com/laptop/hp-15-fd0235tu-i5-9q970pa,2023,2025-08-31 18:51:57
316941,"Laptop MSI Gaming GF63 Thin 12UC - 887VN (i7 12650H, 8GB, 512GB, RTX 3050 4GB, Full HD 144Hz, Win11)",18690000,MSI,Laptop,,,,,,,,,,,,,4.9,1199,https://www.thegioididong.com/laptop/msi-gaming-gf63-thin-12uc-i7-887vn,2023,2025-08-31 18:51:57
334996,"Laptop Acer Aspire Lite AL14 52M 54CJ - NX.J39SV.002 (i5 1334U, 16GB, 512GB, WUXGA, Win11)",14190000,Acer,Laptop,,,,,,,,,,,,,5.0,1366,https://www.thegioididong.com/laptop/acer-aspire-lite-al14-52m-54cj-i5-nxj39sv002,2024,2025-08-31 18:51:58
332451,Laptop MacBook Pro 14 inch Nano M4 Max 36GB/1TB,79790000,MacBook,Laptop,,,,,,,,,,,,,5.0,28,https://www.thegioididong.com/laptop/macbook-pro-14-nano-m4-max-36-1t,10/2024,2025-08-31 18:52:02
339680,"Laptop Dell Inspiron 14 5440 - N5440-C5U165W11IBD2 (Core 5 120U, 16GB, 512GB, MX570A 2GB, 2.2K, OfficeHS, Win11)",24490000,Dell,Laptop,,,,,,,,,,,,,5.0,43,https://www.thegioididong.com/laptop/dell-inspiron-14-5440-core-5-n5440c5u165w11ibd2,2024,2025-08-31 18:52:02
321192,"Laptop Dell Inspiron 15 3520 - 25P231 (i5 1235U, 16GB, 512GB, Full HD 120Hz, OfficeHS, KYHD, Win11)",15990000,Dell,Laptop,,,,,,,,,,,,,4.9,12829,https://www.thegioididong.com/laptop/dell-inspiron-15-3520-i5-25p231,2022,2025-08-31 18:52:02
332450,Laptop MacBook Pro 14 inch Nano M4 Pro 24GB/512GB,51290000,MacBook,Laptop,,,,,,,,,,,,,5.0,110,https://www.thegioididong.com/laptop/macbook-pro-14-nano-m4-pro-24-512,10/2024,2025-08-31 18:52:03
337844,"Laptop GIGABYTE Gaming G6X 9KG C6LG - 9RC6L9KGHSJIX1VN000 (i7 13650HX, 16GB, 1TB, RTX 4060 8GB, WUXGA 165Hz, Win11)",31390000,GIGABYTE,Laptop,,,,,,,,,,,,,5.0,1,https://www.thegioididong.com/laptop/gigabyte-g6x-9kg-c6lg-i7-9rc6l9kghsjix1vn000,2024,2025-08-31 18:52:04
327977,"Laptop Asus Vivobook 15 X1504ZA - NJ1546W (i5 1235U, 16GB, 512GB, Full HD, Win11)",13990000,Asus,Laptop,,,,,,,,,,,,,4.9,1980,https://www.thegioididong.com/laptop/asus-vivobook-15-x1504za-i5-nj1546w,2023,2025-08-31 18:52:04
323920,"Laptop HP 15 fd0234TU - 9Q969PA (i5 1334U, 16GB, 512GB, Full HD, Win11)",15490000,HP,Laptop,,,,,,,,,,,,,4.9,10346,https://www.thegioididong.com/laptop/hp-15-fd0234tu-i5-9q969pa,2023,2025-08-31 18:52:04
341563,"Laptop Dell Gaming Alienware 16 Aurora AC16250 - 71072939 (Core 5 210H, 16GB, 512GB, RTX 3050 6GB, WQXGA 120Hz, OfficeH24+365, Win11)",29490000,Dell,Laptop,,,,,,,,,,,,,5.0,12,https://www.thegioididong.com/laptop/dell-alienware-16-aurora-ac16250-core-5-210h-71072939,2025,2025-08-31 18:52:04
337472,"Laptop Dell Inspiron 15 3530 - 71053721 (i7 1355U, 16GB, 512GB, Full HD 120Hz, OfficeH24+365, Win11)",20990000,Dell,Laptop,,,,,,,,,,,,,5.0,67,https://www.thegioididong.com/laptop/dell-inspiron-15-3530-i7-71053721,2025,2025-08-31 18:52:04
333424,"Laptop Acer Aspire 16 AI A16 71M 59L5 - NX.J4YSV.001 (Ultra 5 125H, 16GB, 512GB, Full HD+, Win11)",17690000,Acer,Laptop,,,,,,,,,,,,,5.0,297,https://www.thegioididong.com/laptop/acer-aspire-16-ai-a16-71m-59l5-ultra-5-nxj4ysv001,2024,2025-08-31 18:52:04
318163,"Laptop HP Gaming VICTUS 15 fa1139TX - 8Y6W3PA (i5 12450H, 16GB, 512GB, RTX 2050 4GB, Full HD 144Hz, Win11)",17190000,HP,Laptop,,,,,,,,,,,,,4.9,3856,https://www.thegioididong.com/laptop/hp-victus-15-fa1139tx-i5-8y6w3pa,2023,2025-08-31 18:52:06
327872,"Laptop Asus TUF Gaming A15 FA507NUR - LP057W (R7 7435HS, 16GB, 512GB, RTX 4050 6GB, Full HD 144Hz, Win11)",23990000,Asus,Laptop,,,,,,,,,,,,,5.0,1117,https://www.thegioididong.com/laptop/asus-fa507nur-r7-lp057w,2024,2025-08-31 18:52:06
334442,"Laptop Lenovo IdeaPad Slim 3 15IRH10 - 83K1000HVN (i5 13420H, 16GB, 512GB, WUXGA, Win11)",15290000,Lenovo,Laptop,,,,,,,,,,,,,4.9,2472,https://www.thegioididong.com/laptop/lenovo-ideapad-slim-3-15irh10-i5-83k1000hvn,2024,2025-08-31 18:52:06
328238,"Laptop Asus Gaming Vivobook K3605ZC - RP629W (i5 12500H, 16GB, 512GB, RTX 3050 4GB, WUXGA 144Hz, Win11)",18390000,Asus,Laptop,,,,,,,,,,,,,4.9,1912,https://www.thegioididong.com/laptop/asus-vivobook-k3605zc-i5-rp629w,2024,2025-08-31 18:52:06
334694,"Laptop GIGABYTE AORUS 16X X6LAG - 9RX6LASGDDJIXDVN010 (i7 14650HX, 16GB, 1TB, RTX 4070 8GB, WQXGA 165Hz, Win11)",38390000,GIGABYTE,Laptop,,,,,,,,,,,,,5.0,2,https://www.thegioididong.com/laptop/gigabyte-aorus-16x-x6lag-i7-9rx6lasgddjixdvn010,2024,2025-08-31 18:52:06
333424,"Laptop Acer Aspire 16 AI A16 71M 59L5 - NX.J4YSV.001 (Ultra 5 125H, 16GB, 512GB, Full HD+, Win11)",17690000,Acer,Laptop,,,,,,,,,,,,,5.0,297,https://www.thegioididong.com/laptop/acer-aspire-16-ai-a16-71m-59l5-ultra-5-nxj4ysv001,2024,2025-08-31 18:52:06
338323,"Laptop Asus Vivobook 15 X1504VA - BQ185WS (Core 5 120U, 16GB, 512GB, Full HD, OfficeH24+365, Win11)",15690000,Asus,Laptop,,,,,,,,,,,,,5.0,431,https://www.thegioididong.com/laptop/asus-x1504va-core-5-bq185ws,2025,2025-08-31 18:52:07
337474,"Laptop Dell Inspiron 15 3520 - N3520-i5U085W11SLU (i5 1235U, 8GB, 512GB, Full HD 120Hz, OfficeH24+365, Win11)",13490000,Dell,Laptop,,,,,,,,,,,,,5.0,688,https://www.thegioididong.com/laptop/dell-inspiron-15-3520-i5-n3520i5u085w11slu,2025,2025-08-31 18:52:07
338000,"Laptop MSI Gaming Katana 15 B13VEK - 2416VN (i5 13420H, 16GB, 512GB, RTX 4050 6GB, Full HD 144Hz, Win11)",23290000,MSI,Laptop,,,,,,,,,,,,,5.0,8,https://www.thegioididong.com/laptop/msi-katana-15-b13vek-i5-2416vn,2025,2025-08-31 18:52:07
327098,"Laptop HP 15 fc0085AU - A6VV8PA (R5 7430U, 16GB, 512GB, Full HD, Win11)",12990000,HP,Laptop,,,,,,,,,,,,,4.9,12163,https://www.thegioididong.com/laptop/hp-15-fc0085au-r5-a6vv8pa,2023,2025-08-31 18:52:08
