id,name,onsale_price,brand,category,os,cpu,gpu,rating,reviews_count,is_new,url,retailer,created_at,updated_at
333575,Điện thoại OPPO Reno13 5G 12GB/512GB,15690000,OPPO,Smartphone,Android 15,,,4.9,7697,True,https://www.thegioididong.com/dtdd/oppo-reno13-5g-12gb-512gb,TGDD,01/2025,2025-08-25 23:06:18
334930,Điện thoại Samsung Galaxy A36 5G 12GB/256GB,9610000,Samsung,Smartphone,Android 15,,,4.9,6213,True,https://www.thegioididong.com/dtdd/samsung-galaxy-a36,TGDD,03/2025,2025-08-25 23:06:18
240259,Điện thoại iPhone 14 128GB,12690000,iPhone (Apple),Smartphone,iOS 17,,,4.9,51110,True,https://www.thegioididong.com/dtdd/iphone-14,TGDD,09/2022,2025-08-25 23:06:18
340559,"Laptop Dell Inspiron 15 3530 - N3530-i7U161W11SLU (i7 1355U, 16GB, 1TB, Full HD 120Hz, OfficeH24+365, Win11)",21990000,Dell,Laptop,Windows 11 Home SL + Office Home 2024 vĩnh viễn + Microsoft 365 Basic,Intel Core i7 Raptor Lake - 1355U,Intel Iris Xe Graphics,5.0,90,True,https://www.thegioididong.com/laptop/dell-inspiron-15-3530-i7-n3530-i7u161w11slu,TGDD,2025,2025-08-25 23:06:18
327872,"Laptop Asus TUF Gaming A15 FA507NUR - LP057W (R7 7435HS, 16GB, 512GB, RTX 4050 6GB, Full HD 144Hz, Win11)",23990000,Asus,Laptop,Windows 11 Home SL,AMD Ryzen 7 - 7435HS,"Card rời - NVIDIA GeForce RTX 4050, 6 GB",5.0,1066,True,https://www.thegioididong.com/laptop/asus-fa507nur-r7-lp057w,TGDD,2024,2025-08-25 23:06:18
332936,Điện thoại OPPO Reno13 F 5G 8GB/256GB,9810000,OPPO,Smartphone,Android 15,,,4.9,107545,True,https://www.thegioididong.com/dtdd/oppo-reno13-f-5g,TGDD,01/2025,2025-08-25 23:06:18
322072,"Laptop Lenovo Gaming LOQ 15IAX9 - 83GS000JVN (i5 12450HX, 16GB, 512GB, RTX 3050 6GB, Full HD 144Hz, Win11)",21590000,Lenovo,Laptop,Windows 11 Home SL,Intel Core i5 Alder Lake - 12450HX,"Card rời - NVIDIA GeForce RTX 3050, 6 GB",4.9,5132,True,https://www.thegioididong.com/laptop/lenovo-loq-gaming-15iax9-i5-83gs000jvn,TGDD,2024,2025-08-25 23:06:18
336745,Điện thoại TCL 60 NXTPaper 8GB/256GB,4110000,TCL,Smartphone,Android 15,,,4.9,190,True,https://www.thegioididong.com/dtdd/tcl-60-nxtpaper,TGDD,05/2025,2025-08-25 23:06:18
328454,Điện thoại OPPO A3 8GB/128GB,5200000,OPPO,Smartphone,Android 14,,,4.9,46200,True,https://www.thegioididong.com/dtdd/oppo-a3-8gb-128gb,TGDD,08/2024,2025-08-25 23:06:18
335579,Điện thoại realme C75x 8GB/256GB,5690000,realme,Smartphone,Android 15,,,4.9,11309,True,https://www.thegioididong.com/dtdd/realme-c75x-256gb,TGDD,04/2025,2025-08-25 23:06:18
303825,Điện thoại iPhone 15 Plus 512GB,28190000,iPhone (Apple),Smartphone,iOS 17,,,4.9,534,True,https://www.thegioididong.com/dtdd/iphone-15-plus-512gb,TGDD,09/2023,2025-08-25 23:06:18
323920,"Laptop HP 15 fd0234TU - 9Q969PA (i5 1334U, 16GB, 512GB, Full HD, Win11)",15490000,HP,Laptop,Windows 11 Home SL,Intel Core i5 Raptor Lake - 1334U,Intel Iris Xe Graphics,4.9,10220,True,https://www.thegioididong.com/laptop/hp-15-fd0234tu-i5-9q969pa,TGDD,2023,2025-08-25 23:06:18
332365,"Laptop Lenovo Gaming LOQ 15IAX9E - 83LK000BVN (i5 12450HX, 16GB, 512GB, RTX 2050 4GB, Full HD 144Hz, Win11)",17990000,Lenovo,Laptop,Windows 11 Home SL,Intel Core i5 Alder Lake - 12450HX,"Card rời - NVIDIA GeForce RTX 2050, 4 GB",4.9,2346,True,https://www.thegioididong.com/laptop/lenovo-loq-15iax9e-i5-83lk000bvn,TGDD,2024,2025-08-25 23:06:18
337714,Điện thoại Xiaomi Redmi Note 14 Pro 5G 12GB/512GB,10300000,Xiaomi,Smartphone,Xiaomi HyperOS (Android 14),,,4.9,5804,True,https://www.thegioididong.com/dtdd/xiaomi-redmi-note-14-pro-5g-12gb-512gb,TGDD,01/2025,2025-08-25 23:06:18
329141,Điện thoại iPhone 16 Plus 512GB,31290000,iPhone (Apple),Smartphone,iOS 18,,,5.0,381,True,https://www.thegioididong.com/dtdd/iphone-16-plus-512gb,TGDD,09/2024,2025-08-25 23:06:18
329136,Điện thoại iPhone 16 256GB,21890000,iPhone (Apple),Smartphone,iOS 18,,,4.9,6144,True,https://www.thegioididong.com/dtdd/iphone-16-256gb,TGDD,09/2024,2025-08-25 23:06:18
322099,"Laptop MSI Gaming Cyborg 15 AI A1VEK - 053VN (Ultra 7 155H, 16GB, 512GB, RTX 4050 6GB, Full HD 144Hz, Win11)",28690000,MSI,Laptop,Windows 11 Home SL,Intel Core Ultra 7 Meteor Lake - 155H,"Card rời - NVIDIA GeForce RTX 4050, 6 GB",5.0,17,True,https://www.thegioididong.com/laptop/msi-gaming-cyborg-15-ai-a1vek-ultra-7-053vn,TGDD,2024,2025-08-25 23:06:18
335373,Laptop MacBook Air 15 inch M4 16GB/512GB,34390000,MacBook,Laptop,macOS Sequoia,Apple M4 - Hãng không công bố,Card tích hợp - 10 nhân GPU,5.0,95,True,https://www.thegioididong.com/laptop/macbook-air-15-inch-m4-16gb-512gb,TGDD,03/2025,2025-08-25 23:06:18
303891,Điện thoại iPhone 15 Plus 128GB,18590000,iPhone (Apple),Smartphone,iOS 17,,,4.9,53752,True,https://www.thegioididong.com/dtdd/iphone-15-plus,TGDD,09/2023,2025-08-25 23:06:18
329149,Điện thoại iPhone 16 Pro Max 256GB,30090000,iPhone (Apple),Smartphone,iOS 18,,,4.9,242482,True,https://www.thegioididong.com/dtdd/iphone-16-pro-max,TGDD,09/2024,2025-08-25 23:06:18
335793,Điện thoại HONOR X8c 8GB/512GB,7190000,HONOR,Smartphone,Android 15,,,5.0,2152,True,https://www.thegioididong.com/dtdd/honor-x8c-512gb,TGDD,04/2025,2025-08-25 23:06:18
325479,"Laptop Asus Vivobook S 16 OLED S5606MA - MX050W (Ultra 5 125H, 16GB, 512GB, 3.2K OLED 120Hz, Win11)",23190000,Asus,Laptop,Windows 11 Home SL,Intel Core Ultra 5 Meteor Lake - 125H,Card tích hợp - Intel Arc Graphics,4.9,1330,True,https://www.thegioididong.com/laptop/asus-vivobook-s-16-oled-s5606ma-ultra-5-mx050w,TGDD,2024,2025-08-25 23:06:18
329940,Điện thoại Xiaomi 14T Pro 5G 12GB/256GB,16490000,Xiaomi,Smartphone,Xiaomi HyperOS (Android 14),,,4.9,11232,True,https://www.thegioididong.com/dtdd/xiaomi-14t-pro-5g-12gb-256gb,TGDD,09/2024,2025-08-25 23:06:18
335588,Điện thoại realme C75x 6GB/128GB,4610000,realme,Smartphone,Android 15,,,4.9,11267,True,https://www.thegioididong.com/dtdd/realme-c75x-6gb-128gb,TGDD,04/2025,2025-08-25 23:06:18
333479,Điện thoại HONOR X9c 5G 12GB/256GB,8690000,HONOR,Smartphone,Android 14,,,4.9,3006,True,https://www.thegioididong.com/dtdd/honor-x9c,TGDD,01/2025,2025-08-25 23:06:18
339180,Điện thoại vivo Y39 5G 8GB/128GB,7360000,vivo,Smartphone,Android 15,,,4.9,6723,True,https://www.thegioididong.com/dtdd/vivo-y39-5g,TGDD,06/2025,2025-08-25 23:06:18
329138,Điện thoại iPhone 16 Plus 128GB,22190000,iPhone (Apple),Smartphone,iOS 18,,,4.9,18293,True,https://www.thegioididong.com/dtdd/iphone-16-plus,TGDD,09/2024,2025-08-25 23:06:18
335792,Điện thoại HONOR X8c 8GB/256GB,6500000,HONOR,Smartphone,Android 15,,,4.9,3138,True,https://www.thegioididong.com/dtdd/honor-x8c,TGDD,04/2025,2025-08-25 23:06:18
332934,Điện thoại OPPO Reno13 5G 12GB/256GB,14200000,OPPO,Smartphone,Android 15,,,4.9,21258,True,https://www.thegioididong.com/dtdd/oppo-reno13-5g,TGDD,01/2025,2025-08-25 23:06:18
335955,Điện thoại Samsung Galaxy S25 Edge 5G 12GB/512GB,25190000,Samsung,Smartphone,Android 15,,,4.9,520,True,https://www.thegioididong.com/dtdd/samsung-galaxy-s25-edge-5g-512gb,TGDD,05/2025,2025-08-25 23:06:18
321436,"Laptop Acer Aspire A315 44P R9W8 - NX.KSJSV.002 (R7 5700U, 8GB, 512GB, Full HD, Win11)",10990000,Acer,Laptop,Windows 11 Home SL,AMD Ryzen 7 - 5700U,Card tích hợp - AMD Radeon Graphics,4.9,4432,True,https://www.thegioididong.com/laptop/acer-aspire-a315-44p-r9w8-r7-nxksjsv002,TGDD,2023,2025-08-25 23:06:18
339179,Điện thoại vivo Y39 5G 8GB/256GB,8340000,vivo,Smartphone,Android 15,,,5.0,1893,True,https://www.thegioididong.com/dtdd/vivo-y39-5g-256gb,TGDD,06/2025,2025-08-25 23:06:18
322222,"Laptop Acer Aspire 3 A314 42P R3B3 - NX.KSFSV.001 (R7 5700U, 16GB, 512GB, WUXGA, Win11)",12690000,Acer,Laptop,Windows 11 Home SL,AMD Ryzen 7 - 5700U,Card tích hợp - AMD Radeon Graphics,4.9,3561,True,https://www.thegioididong.com/laptop/acer-aspire-3-a314-42p-r3b3-r7-nxksfsv001,TGDD,2024,2025-08-25 23:06:18
331207,Điện thoại Samsung Galaxy A16 8GB/128GB,4800000,Samsung,Smartphone,Android 14,,,4.9,137787,True,https://www.thegioididong.com/dtdd/samsung-galaxy-a16-8gb-128gb,TGDD,11/2024,2025-08-25 23:06:18
335917,Điện thoại Xiaomi Redmi A5 3GB/64GB,2740000,Xiaomi,Smartphone,Android 15,,,4.9,30898,True,https://www.thegioididong.com/dtdd/xiaomi-redmi-a5-3gb-64gb,TGDD,04/2025,2025-08-25 23:06:18
328752,Điện thoại Samsung Galaxy A06 4GB/64GB,2790000,Samsung,Smartphone,Android 14,,,4.9,140901,True,https://www.thegioididong.com/dtdd/samsung-galaxy-a06-4gb-64gb,TGDD,08/2024,2025-08-25 23:06:18
333351,Điện thoại Samsung Galaxy S25 Ultra 5G 12GB/512GB,28680000,Samsung,Smartphone,Android 15,,,5.0,3525,True,https://www.thegioididong.com/dtdd/samsung-galaxy-s25-ultra-512gb,TGDD,01/2025,2025-08-25 23:06:18
332255,Điện thoại HONOR Magic V3 5G 12GB/512GB,29990000,HONOR,Smartphone,Android 14,,,5.0,103,True,https://www.thegioididong.com/dtdd/honor-magic-v3,TGDD,12/2024,2025-08-25 23:06:18
329940,Điện thoại Xiaomi 14T Pro 5G 12GB/256GB,16490000,Xiaomi,Smartphone,Xiaomi HyperOS (Android 14),,,4.9,11232,True,https://www.thegioididong.com/dtdd/xiaomi-14t-pro-5g-12gb-256gb,TGDD,09/2024,2025-08-25 23:06:18
335792,Điện thoại HONOR X8c 8GB/256GB,6500000,HONOR,Smartphone,Android 15,,,4.9,3138,True,https://www.thegioididong.com/dtdd/honor-x8c,TGDD,04/2025,2025-08-25 23:06:18
240259,Điện thoại iPhone 14 128GB,12690000,iPhone (Apple),Smartphone,iOS 17,,,4.9,51110,True,https://www.thegioididong.com/dtdd/iphone-14,TGDD,09/2022,2025-08-25 23:06:18
329150,Điện thoại iPhone 16 Pro Max 512GB,36790000,iPhone (Apple),Smartphone,iOS 18,,,5.0,32230,True,https://www.thegioididong.com/dtdd/iphone-16-pro-max-512gb,TGDD,09/2024,2025-08-25 23:06:18
335369,Laptop MacBook Air 13 inch M4 32GB/256GB,35490000,MacBook,Laptop,macOS Sequoia,Apple M4 - Hãng không công bố,Card tích hợp - 10 nhân GPU,5.0,14,True,https://www.thegioididong.com/laptop/macbook-air-13-inch-m4-32gb-256gb,TGDD,03/2025,2025-08-25 23:06:18
340221,Điện thoại HONOR X6c 6GB/256GB,4590000,HONOR,Smartphone,Android 15,,,5.0,1699,True,https://www.thegioididong.com/dtdd/honor-x6c-6gb-256gb,TGDD,07/2025,2025-08-25 23:06:18
281570,Điện thoại iPhone 15 128GB,15290000,iPhone (Apple),Smartphone,iOS 17,,,4.9,88917,True,https://www.thegioididong.com/dtdd/iphone-15,TGDD,09/2023,2025-08-25 23:06:18
322876,Điện thoại Masstel Fami 60S 4G,690000,Masstel,Phone,,,,4.9,46079,True,https://www.thegioididong.com/dtdd/masstel-fami-60s,TGDD,03/2024,2025-08-25 23:06:18
335367,Laptop MacBook Air 13 inch M4 24GB/512GB,34890000,MacBook,Laptop,macOS Sequoia,Apple M4 - Hãng không công bố,Card tích hợp - 10 nhân GPU,5.0,161,True,https://www.thegioididong.com/laptop/macbook-air-13-inch-m4-24gb-512gb,TGDD,03/2025,2025-08-25 23:06:18
335793,Điện thoại HONOR X8c 8GB/512GB,7190000,HONOR,Smartphone,Android 15,,,5.0,2152,True,https://www.thegioididong.com/dtdd/honor-x8c-512gb,TGDD,04/2025,2025-08-25 23:06:18
334938,Điện thoại OPPO Find N5 5G 16GB/512GB,44180000,OPPO,Smartphone,Android 15,,,5.0,271,True,https://www.thegioididong.com/dtdd/oppo-find-n5,TGDD,04/2025,2025-08-25 23:06:18
339657,"Laptop Lenovo ThinkPad E16 - 21SR002SVN (Ultra 7 255H, 32GB, 512GB, WUXGA, Win11)",30290000,Lenovo,Laptop,Windows 11 Home SL,Intel Core Ultra 7 Arrow Lake - 255H,Card tích hợp - Intel Arc 140T,5.0,33,True,https://www.thegioididong.com/laptop/lenovo-thinkpad-e16-ultra-7-21sr002svn,TGDD,2025,2025-08-25 23:06:18
322095,Điện thoại Xiaomi Redmi A3 4GB/128GB,2740000,Xiaomi,Smartphone,Android 14,,,4.9,19954,True,https://www.thegioididong.com/dtdd/xiaomi-redmi-a3-128gb,TGDD,03/2024,2025-08-25 23:06:18
329144,Điện thoại iPhone 16 Pro 256GB,28090000,iPhone (Apple),Smartphone,iOS 18,,,4.9,22697,True,https://www.thegioididong.com/dtdd/iphone-16-pro-256gb,TGDD,09/2024,2025-08-25 23:06:18
323543,Điện thoại OPPO A60 8GB/128GB,5400000,OPPO,Smartphone,Android 14,,,4.9,293163,True,https://www.thegioididong.com/dtdd/oppo-a60-128gb,TGDD,04/2024,2025-08-25 23:06:18
333102,"Laptop Dell Inspiron 15 3520 - N3520-i7U165W11BLU-FP (i7 1255U, 16GB, 512GB, Full HD 120Hz, OfficeHS, Win11)",18990000,Dell,Laptop,Windows 11 Home SL + Office Home 2024 vĩnh viễn + Microsoft 365 Basic,Intel Core i7 Alder Lake - 1255U,Intel Iris Xe Graphics,5.0,922,True,https://www.thegioididong.com/laptop/dell-inspiron-15-3520-i7-n3520i7u165w11blufp,TGDD,2024,2025-08-25 23:06:18
337741,Điện thoại realme C71 4GB/128GB,3920000,realme,Smartphone,Android 15,,,4.9,8012,True,https://www.thegioididong.com/dtdd/realme-c71,TGDD,06/2025,2025-08-25 23:06:18
334168,Điện thoại OPPO Find X8 5G 16GB/512GB Hồng,21580000,OPPO,Smartphone,Android 15,,,5.0,855,True,https://www.thegioididong.com/dtdd/oppo-find-x8-hong,TGDD,11/2024,2025-08-25 23:06:18
329148,Điện thoại iPhone 16 Pro 1TB,37890000,iPhone (Apple),Smartphone,iOS 18,,,5.0,454,True,https://www.thegioididong.com/dtdd/iphone-16-pro-1tb,TGDD,09/2024,2025-08-25 23:06:18
329135,Điện thoại iPhone 16 128GB,18890000,iPhone (Apple),Smartphone,iOS 18,,,4.9,18078,True,https://www.thegioididong.com/dtdd/iphone-16,TGDD,09/2024,2025-08-25 23:06:18
329959,Điện thoại vivo V40 Lite 8GB/256GB,8340000,vivo,Smartphone,Android 14,,,4.9,37297,True,https://www.thegioididong.com/dtdd/vivo-v40-lite-8gb-256gb,TGDD,10/2024,2025-08-25 23:06:18
322876,Điện thoại Masstel Fami 60S 4G,690000,Masstel,Phone,,,,4.9,46079,True,https://www.thegioididong.com/dtdd/masstel-fami-60s,TGDD,03/2024,2025-08-25 23:06:18
329141,Điện thoại iPhone 16 Plus 512GB,31290000,iPhone (Apple),Smartphone,iOS 18,,,5.0,381,True,https://www.thegioididong.com/dtdd/iphone-16-plus-512gb,TGDD,09/2024,2025-08-25 23:06:18
333360,Điện thoại Samsung Galaxy S25 Plus 5G 12GB/512GB,24440000,Samsung,Smartphone,Android 15,,,5.0,635,True,https://www.thegioididong.com/dtdd/samsung-galaxy-s25-plus-512gb,TGDD,01/2025,2025-08-25 23:06:18
329151,Điện thoại iPhone 16 Pro Max 1TB,42690000,iPhone (Apple),Smartphone,iOS 18,,,5.0,8001,True,https://www.thegioididong.com/dtdd/iphone-16-pro-max-1tb,TGDD,09/2024,2025-08-25 23:06:18
322996,Điện thoại vivo Y03 4GB/128GB,3240000,vivo,Smartphone,Android 14,,,4.9,54938,True,https://www.thegioididong.com/dtdd/vivo-y03,TGDD,03/2024,2025-08-25 23:06:18
332368,"Laptop Lenovo ThinkBook 14 G7 - 21MR0070VN (Ultra 7 155U, 32GB, 1TB, WUXGA, Win11)",27790000,Lenovo,Laptop,Windows 11 Home SL,Intel Core Ultra 7 Meteor Lake - 155U,Card tích hợp - Intel Graphics,5.0,62,True,https://www.thegioididong.com/laptop/lenovo-thinkbook-14-g7-ultra-7-21mr0070vn,TGDD,2024,2025-08-25 23:06:18
329148,Điện thoại iPhone 16 Pro 1TB,37890000,iPhone (Apple),Smartphone,iOS 18,,,5.0,454,True,https://www.thegioididong.com/dtdd/iphone-16-pro-1tb,TGDD,09/2024,2025-08-25 23:06:18
331362,"Laptop MSI Modern 15 F13MG - 082VN (i5 1335U, 16GB, 512GB, Full HD, Win11)",13690000,MSI,Laptop,Windows 11 Home SL,Intel Core i5 Raptor Lake - 1335U,Intel Iris Xe Graphics,5.0,501,True,https://www.thegioididong.com/laptop/msi-modern-15-f13mg-i5-082vn,TGDD,2024,2025-08-25 23:06:18
339857,"Laptop Lenovo Gaming LOQ 15ARP9 - 83JC00KUVN (R5 7235HS, 24GB, 1TB, RTX 3050 6GB, Full HD 144Hz, Win11)",22190000,Lenovo,Laptop,Windows 11 Home SL,AMD Ryzen 5 - 7235HS,"Card rời - NVIDIA GeForce RTX 3050, 6 GB",5.0,151,True,https://www.thegioididong.com/laptop/lenovo-loq-15arp9-r5-83jc00kuvn,TGDD,2025,2025-08-25 23:06:18
332938,Điện thoại Xiaomi Redmi Note 14 Pro 5G 8GB/256GB,9320000,Xiaomi,Smartphone,Xiaomi HyperOS (Android 14),,,4.9,38297,True,https://www.thegioididong.com/dtdd/xiaomi-redmi-note-14-pro-5g,TGDD,01/2025,2025-08-25 23:06:18
310447,"Laptop MSI Gaming Katana 15 B13VFK - 676VN (i7 13620H, 16GB, 1TB, RTX 4060 8GB, Full HD 144Hz, Win11)",29190000,MSI,Laptop,Windows 11 Home SL,Intel Core i7 Raptor Lake - 13620H,"Card rời - NVIDIA GeForce RTX 4060, 8 GB",4.9,659,True,https://www.thegioididong.com/laptop/msi-katana-15-b13vfk-i7-676vn,TGDD,2023,2025-08-25 23:06:18
325799,Điện thoại Xiaomi Redmi 13 8GB/128GB,4210000,Xiaomi,Smartphone,Android 14,,,4.9,154148,True,https://www.thegioididong.com/dtdd/xiaomi-redmi-13,TGDD,06/2024,2025-08-25 23:06:18
328449,Điện thoại OPPO A3x 4GB/64GB,3430000,OPPO,Smartphone,Android 14,,,4.9,168833,True,https://www.thegioididong.com/dtdd/oppo-a3x-4gb-64gb,TGDD,08/2024,2025-08-25 23:06:18
334996,"Laptop Acer Aspire Lite AL14 52M 54CJ - NX.J39SV.002 (i5 1334U, 16GB, 512GB, WUXGA, Win11)",14190000,Acer,Laptop,Windows 11 Home SL,Intel Core i5 Raptor Lake - 1334U,Card tích hợp - Intel UHD Graphics (Iris Xe Graphics chỉ hoạt động với RAM kênh đôi),5.0,1262,True,https://www.thegioididong.com/laptop/acer-aspire-lite-al14-52m-54cj-i5-nxj39sv002,TGDD,2024,2025-08-25 23:06:18
336409,Điện thoại Masstel S9 6GB/256GB,2940000,Masstel,Smartphone,Android 14,,,4.9,1690,True,https://www.thegioididong.com/dtdd/masstel-s9,TGDD,04/2025,2025-08-25 23:06:18
338737,Điện thoại Samsung Galaxy Z Flip7 5G 12GB/512GB,30990000,Samsung,Smartphone,Android 16,,,5.0,54,True,https://www.thegioididong.com/dtdd/samsung-galaxy-z-flip7-512gb,TGDD,07/2025,2025-08-25 23:06:18
332937,Điện thoại OPPO Reno13 Pro 5G 12GB/512GB,18650000,OPPO,Smartphone,Android 15,,,4.9,4679,True,https://www.thegioididong.com/dtdd/oppo-reno13-pro-5g,TGDD,01/2025,2025-08-25 23:06:18
332578,"Laptop Acer Aspire 7 A715 76 53PJ - NH.QGESV.007 (i5 12450H, 16GB, 512GB, Full HD, Win11)",13990000,Acer,Laptop,Windows 11 Home SL,Intel Core i5 Alder Lake - 12450H,Intel UHD Graphics,4.9,2192,True,https://www.thegioididong.com/laptop/acer-aspire-7-a715-76-53pj-i5-nhqgesv007,TGDD,2023,2025-08-25 23:06:18
334998,"Laptop Acer Gaming Aspire 5 A515 58GM 598J - NX.KW1SV.002 (i5 13420H, 16GB, 512GB, RTX 2050 4GB, Full HD 144Hz, Win11)",16690000,Acer,Laptop,Windows 11 Home SL,Intel Core i5 Raptor Lake - 13420H,"Card rời - NVIDIA GeForce RTX 2050, 4 GB",5.0,166,True,https://www.thegioididong.com/laptop/acer-aspire-5-a515-58gm-598j-i5-nxkw1sv002,TGDD,2024,2025-08-25 23:06:18
341378,Điện thoại OPPO A5 8GB/128GB,6290000,OPPO,Smartphone,Android 15,,,,,True,https://www.thegioididong.com/dtdd/oppo-a5-8gb-128gb,TGDD,08/2025,2025-08-25 23:06:18
338204,"Laptop HP Gaming VICTUS 15 fa2731TX - B85LNPA (i5 13420H, 16GB, 512GB, RTX 3050 6GB, Full HD 144Hz, Win11)",20690000,HP,Laptop,Windows 11 Home SL,Intel Core i5 Raptor Lake - 13420H,"Card rời - NVIDIA GeForce RTX 3050, 6 GB",4.9,120,True,https://www.thegioididong.com/laptop/hp-victus-15-fa2731tx-i5-b85lnpa,TGDD,2024,2025-08-25 23:06:18
337846,Điện thoại OPPO A5x 4GB/64GB,3630000,OPPO,Smartphone,Android 15,,,4.9,16474,True,https://www.thegioididong.com/dtdd/oppo-a5x-4gb-64gb,TGDD,06/2025,2025-08-25 23:06:18
340220,Điện thoại HONOR X6c 6GB/128GB,4190000,HONOR,Smartphone,Android 15,,,5.0,874,True,https://www.thegioididong.com/dtdd/honor-x6c-6gb-128gb,TGDD,07/2025,2025-08-25 23:06:18
331566,Laptop MacBook Pro 14 inch M4 16GB/1TB,44090000,MacBook,Laptop,macOS Sequoia,Apple M4 - Hãng không công bố,Card tích hợp - 10 nhân GPU,5.0,84,True,https://www.thegioididong.com/laptop/macbook-pro-14-inch-m4-16gb-1tb,TGDD,10/2024,2025-08-25 23:06:18
322270,"Laptop Asus Vivobook 14 X1404ZA - NK376W (i5 1235U, 16GB, 512GB, Full HD, Win11)",14090000,Asus,Laptop,Windows 11 Home SL,Intel Core i5 Alder Lake - 1235U,Intel Iris Xe Graphics,4.9,7429,True,https://www.thegioididong.com/laptop/asus-vivobook-x1404za-i5-nk376w,TGDD,2024,2025-08-25 23:06:18
341751,"Laptop GIGABYTE Gaming A16 GA6H - GAMING-A16-CTHH3VN893SH (i5 13420H, 16GB, 512GB, RTX5050 8GB, WUXGA 165Hz, Win11)",28590000,GIGABYTE,Laptop,Windows 11 Home SL,Intel Core i5 Raptor Lake - 13420H,"Card rời - NVIDIA GeForce RTX 5050, 8 GB",,,True,https://www.thegioididong.com/laptop/gigabyte-a16-ga6h-i5-13420h-gaming-a16-cthh3vn893sh,TGDD,2025,2025-08-25 23:06:18
335362,Laptop MacBook Air 13 inch M4 16GB/256GB,24290000,MacBook,Laptop,macOS Sequoia,Apple M4 - Hãng không công bố,Card tích hợp - 8 nhân GPU,4.9,3174,True,https://www.thegioididong.com/laptop/macbook-air-13-inch-m4-16gb-256gb,TGDD,03/2025,2025-08-25 23:06:18
333148,Điện thoại Xiaomi Redmi Note 14 8GB/256GB,6180000,Xiaomi,Smartphone,Xiaomi HyperOS (Android 14),,,4.9,67541,True,https://www.thegioididong.com/dtdd/xiaomi-redmi-note-14-8gb-256gb,TGDD,01/2025,2025-08-25 23:06:18
331206,Điện thoại Samsung Galaxy A16 8GB/256GB,5290000,Samsung,Smartphone,Android 14,,,4.9,42325,True,https://www.thegioididong.com/dtdd/samsung-galaxy-a16,TGDD,11/2024,2025-08-25 23:06:18
337714,Điện thoại Xiaomi Redmi Note 14 Pro 5G 12GB/512GB,10300000,Xiaomi,Smartphone,Xiaomi HyperOS (Android 14),,,4.9,5804,True,https://www.thegioididong.com/dtdd/xiaomi-redmi-note-14-pro-5g-12gb-512gb,TGDD,01/2025,2025-08-25 23:06:18
327977,"Laptop Asus Vivobook 15 X1504ZA - NJ1546W (i5 1235U, 16GB, 512GB, Full HD, Win11)",14190000,Asus,Laptop,Windows 11 Home SL,Intel Core i5 Alder Lake - 1235U,Intel Iris Xe Graphics,4.9,1956,True,https://www.thegioididong.com/laptop/asus-vivobook-15-x1504za-i5-nj1546w,TGDD,2023,2025-08-25 23:06:18
331512,Điện thoại HONOR X7c 8GB/256GB,5400000,HONOR,Smartphone,Android 14,,,4.9,7661,True,https://www.thegioididong.com/dtdd/honor-x7c,TGDD,11/2024,2025-08-25 23:06:18
316941,"Laptop MSI Gaming GF63 Thin 12UC - 887VN (i7 12650H, 8GB, 512GB, RTX 3050 4GB, Full HD 144Hz, Win11)",18690000,MSI,Laptop,Windows 11 Home SL,Intel Core i7 Alder Lake - 12650H,"NVIDIA GeForce RTX 3050, 4 GB",4.9,1198,True,https://www.thegioididong.com/laptop/msi-gaming-gf63-thin-12uc-i7-887vn,TGDD,2023,2025-08-25 23:06:18
327190,Điện thoại OPPO Reno12 F 5G 12GB/256GB,9810000,OPPO,Smartphone,Android 14,,,4.9,70819,True,https://www.thegioididong.com/dtdd/oppo-reno12-f-5g-12gb-256gb,TGDD,07/2024,2025-08-25 23:06:18
339857,"Laptop Lenovo Gaming LOQ 15ARP9 - 83JC00KUVN (R5 7235HS, 24GB, 1TB, RTX 3050 6GB, Full HD 144Hz, Win11)",22190000,Lenovo,Laptop,Windows 11 Home SL,AMD Ryzen 5 - 7235HS,"Card rời - NVIDIA GeForce RTX 3050, 6 GB",5.0,151,True,https://www.thegioididong.com/laptop/lenovo-loq-15arp9-r5-83jc00kuvn,TGDD,2025,2025-08-25 23:06:18
338738,Điện thoại Samsung Galaxy Z Fold7 5G 12GB/256GB,43990000,Samsung,Smartphone,Android 16,,,5.0,532,True,https://www.thegioididong.com/dtdd/samsung-galaxy-z-fold7,TGDD,07/2025,2025-08-25 23:06:18
333574,Điện thoại OPPO Reno13 F 5G 12GB/512GB,10780000,OPPO,Smartphone,Android 15,,,4.9,31967,True,https://www.thegioididong.com/dtdd/oppo-reno13-f-5g-12gb-512gb,TGDD,01/2025,2025-08-25 23:06:18
332936,Điện thoại OPPO Reno13 F 5G 8GB/256GB,9810000,OPPO,Smartphone,Android 15,,,4.9,107545,True,https://www.thegioididong.com/dtdd/oppo-reno13-f-5g,TGDD,01/2025,2025-08-25 23:06:18
338316,"Laptop Dell Inspiron 15 3530 - N3530-i5U165W11SLU-BL (i5 1334U, 16GB, 512GB, Full HD 120Hz, OfficeH24+365, Win11)",17990000,Dell,Laptop,Windows 11 Home SL + Office Home 2024 vĩnh viễn,Intel Core i5 Raptor Lake - 1334U,Intel Iris Xe Graphics,5.0,77,True,https://www.thegioididong.com/laptop/dell-inspiron-15-3530-i5-n3530-i5u165w11slu-bl,TGDD,2025,2025-08-25 23:06:18
307174,Điện thoại Samsung Galaxy S24 Ultra 5G 12GB/256GB,23300000,Samsung,Smartphone,Android 14,,,4.9,36188,True,https://www.thegioididong.com/dtdd/samsung-galaxy-s24-ultra-5g,TGDD,01/2024,2025-08-25 23:06:18
329676,Điện thoại Nokia HMD 105 4G,640000,Nokia,Phone,,,,4.9,53897,True,https://www.thegioididong.com/dtdd/nokia-hmd-105-4g,TGDD,09/2024,2025-08-25 23:06:18
335583,Điện thoại Xiaomi Redmi Note 14 5G 8GB/256GB,7090000,Xiaomi,Smartphone,Xiaomi HyperOS (Android 14),,,4.9,6555,True,https://www.thegioididong.com/dtdd/xiaomi-redmi-note-14-5g,TGDD,03/2025,2025-08-25 23:06:18
331985,Điện thoại vivo V40 5G 12GB/256GB,12760000,vivo,Smartphone,Android 14,,,4.9,5887,True,https://www.thegioididong.com/dtdd/vivo-v40-5g,TGDD,11/2024,2025-08-25 23:06:18
339679,"Laptop Dell Latitude 3450 - L3450-1335U-16512WN (i5 1335U, 16GB, 512GB, Full HD, Win11)",18590000,Dell,Laptop,Windows 11 Home SL,Intel Core i5 Raptor Lake - 1335U,Intel Iris Xe Graphics,5.0,318,True,https://www.thegioididong.com/laptop/dell-latitude-3450-i5-l34501335u16512wn,TGDD,2024,2025-08-25 23:06:18
333363,Điện thoại Samsung Galaxy S25 5G 12GB/256GB,18090000,Samsung,Smartphone,Android 15,,,4.9,3789,True,https://www.thegioididong.com/dtdd/samsung-galaxy-s25,TGDD,01/2025,2025-08-25 23:06:18
338737,Điện thoại Samsung Galaxy Z Flip7 5G 12GB/512GB,30990000,Samsung,Smartphone,Android 16,,,5.0,54,True,https://www.thegioididong.com/dtdd/samsung-galaxy-z-flip7-512gb,TGDD,07/2025,2025-08-25 23:06:18
328750,Điện thoại Samsung Galaxy A06 6GB/128GB,3530000,Samsung,Smartphone,Android 14,,,4.9,187893,True,https://www.thegioididong.com/dtdd/samsung-galaxy-a06-6gb-128gb,TGDD,08/2024,2025-08-25 23:06:18
338316,"Laptop Dell Inspiron 15 3530 - N3530-i5U165W11SLU-BL (i5 1334U, 16GB, 512GB, Full HD 120Hz, OfficeH24+365, Win11)",17990000,Dell,Laptop,Windows 11 Home SL + Office Home 2024 vĩnh viễn,Intel Core i5 Raptor Lake - 1334U,Intel Iris Xe Graphics,5.0,77,True,https://www.thegioididong.com/laptop/dell-inspiron-15-3530-i5-n3530-i5u165w11slu-bl,TGDD,2025,2025-08-25 23:06:18
329150,Điện thoại iPhone 16 Pro Max 512GB,36790000,iPhone (Apple),Smartphone,iOS 18,,,5.0,32230,True,https://www.thegioididong.com/dtdd/iphone-16-pro-max-512gb,TGDD,09/2024,2025-08-25 23:06:18
328135,"Laptop Lenovo IdeaPad Slim 5 14IMH9 - 83DA0020VN (Ultra 7 155H, 32GB, 1TB, WUXGA OLED, Win11)",26990000,Lenovo,Laptop,Windows 11 Home SL,Intel Core Ultra 7 Meteor Lake - 155H,Card tích hợp - Intel Arc Graphics,4.9,324,True,https://www.thegioididong.com/laptop/lenovo-ideapad-slim-5-14imh9-ultra-7-83da0020vn,TGDD,2024,2025-08-25 23:06:18
332448,Laptop MacBook Pro 14 inch Nano M4 16GB/512GB,41690000,MacBook,Laptop,macOS Sequoia,Apple M4 - Hãng không công bố,Card tích hợp - 10 nhân GPU,5.0,203,True,https://www.thegioididong.com/laptop/macbook-pro-14-nano-m4-16-512,TGDD,10/2024,2025-08-25 23:06:18
336941,Điện thoại Xiaomi 15 Ultra 5G 16GB/1TB,34290000,Xiaomi,Smartphone,Xiaomi HyperOS 2,,,5.0,51,True,https://www.thegioididong.com/dtdd/xiaomi-15-ultra-5g-1tb,TGDD,03/2025,2025-08-25 23:06:18
231244,Laptop MacBook Air 13 inch M1 8GB/256GB (MGN63SA/A),16990000,MacBook,Laptop,macOS,Apple M1,Card tích hợp - 7 nhân GPU,4.9,13939,True,https://www.thegioididong.com/laptop/apple-macbook-air-2020-mgn63saa,TGDD,2020,2025-08-25 23:06:18
333104,"Laptop Dell Inspiron 15 3520 - 71053682 (i7 1255U, 16GB, 512GB, Full HD 120Hz, OfficeHS, Win11)",18990000,Dell,Laptop,Windows 11 Home SL + Office Home 2024 vĩnh viễn + Microsoft 365 Basic,Intel Core i7 Alder Lake - 1255U,Intel Iris Xe Graphics,5.0,1547,True,https://www.thegioididong.com/laptop/dell-inspiron-15-3520-i7-71053682,TGDD,2024,2025-08-25 23:06:18
337472,"Laptop Dell Inspiron 15 3530 - 71053721 (i7 1355U, 16GB, 512GB, Full HD 120Hz, OfficeH24+365, Win11)",20990000,Dell,Laptop,Windows 11 Home SL + Office Home 2024 vĩnh viễn,Intel Core i7 Raptor Lake - 1355U,Intel Iris Xe Graphics,5.0,45,True,https://www.thegioididong.com/laptop/dell-inspiron-15-3530-i7-71053721,TGDD,2025,2025-08-25 23:06:18
340221,Điện thoại HONOR X6c 6GB/256GB,4590000,HONOR,Smartphone,Android 15,,,5.0,1699,True,https://www.thegioididong.com/dtdd/honor-x6c-6gb-256gb,TGDD,07/2025,2025-08-25 23:06:18
342024,Laptop MacBook Air 13 inch M4 16GB/256GB Sạc 70W,26090000,MacBook,Laptop,macOS Sequoia,Apple M4 - Hãng không công bố,Card tích hợp - 8 nhân GPU,5.0,26,True,https://www.thegioididong.com/laptop/macbook-air-13-inch-m4-16gb-256gb-sac-70w,TGDD,03/2025,2025-08-25 23:06:18
335583,Điện thoại Xiaomi Redmi Note 14 5G 8GB/256GB,7090000,Xiaomi,Smartphone,Xiaomi HyperOS (Android 14),,,4.9,6555,True,https://www.thegioididong.com/dtdd/xiaomi-redmi-note-14-5g,TGDD,03/2025,2025-08-25 23:06:18
327707,"Laptop MSI Gaming Cyborg 15 A13VEK - 1423VN (i7 13620H, 16GB, 512GB, RTX 4050 6GB, Full HD 144Hz, Win11)",25190000,MSI,Laptop,Windows 11 Home SL,Intel Core i7 Raptor Lake - 13620H,"Card rời - NVIDIA GeForce RTX 4050, 6 GB",5.0,640,True,https://www.thegioididong.com/laptop/msi-cyborg-15-a13vek-i7-1423vn,TGDD,2024,2025-08-25 23:06:18
329138,Điện thoại iPhone 16 Plus 128GB,22190000,iPhone (Apple),Smartphone,iOS 18,,,4.9,18293,True,https://www.thegioididong.com/dtdd/iphone-16-plus,TGDD,09/2024,2025-08-25 23:06:18
338736,Điện thoại Samsung Galaxy Z Flip7 5G 12GB/256GB,26990000,Samsung,Smartphone,Android 16,,,5.0,397,True,https://www.thegioididong.com/dtdd/samsung-galaxy-z-flip7,TGDD,07/2025,2025-08-25 23:06:18
329148,Điện thoại iPhone 16 Pro 1TB,37890000,iPhone (Apple),Smartphone,iOS 18,,,5.0,454,True,https://www.thegioididong.com/dtdd/iphone-16-pro-1tb,TGDD,09/2024,2025-08-25 23:06:18
333886,"Laptop Dell Inspiron 15 3520 - N5I5057W1 (i5 1235U, 16GB, 512GB, Full HD 120Hz, OfficeHS, Win11)",15990000,Dell,Laptop,Windows 11 Home SL + Office Home 2024 vĩnh viễn + Microsoft 365 Basic,Intel Core i5 Alder Lake - 1235U,Intel Iris Xe Graphics,4.9,4850,True,https://www.thegioididong.com/laptop/dell-inspiron-15-3520-i5-n5i5057w1,TGDD,,2025-08-25 23:06:18
327050,"Laptop Lenovo Gaming LOQ 15IAX9 - 83GS00D9VN (i5 12450HX, 24GB, 512GB, RTX 3050 6GB, Full HD 144Hz, Win11)",23190000,Lenovo,Laptop,Windows 11 Home SL,Intel Core i5 Alder Lake - 12450HX,"Card rời - NVIDIA GeForce RTX 3050, 6 GB",5.0,3352,True,https://www.thegioididong.com/laptop/lenovo-loq-15iax9-i5-83gs00d9vn,TGDD,2024,2025-08-25 23:06:18
334226,Điện thoại vivo Y29 8GB/128GB,6380000,vivo,Smartphone,Android 15,,,4.9,42987,True,https://www.thegioididong.com/dtdd/vivo-y29-8gb-128gb,TGDD,03/2025,2025-08-25 23:06:18
333359,Điện thoại Samsung Galaxy S25 Plus 5G 12GB/256GB,22000000,Samsung,Smartphone,Android 15,,,4.9,3496,True,https://www.thegioididong.com/dtdd/samsung-galaxy-s25-plus,TGDD,01/2025,2025-08-25 23:06:18
335638,Điện thoại Xiaomi Redmi 13x 8GB/128GB,4210000,Xiaomi,Smartphone,Xiaomi HyperOS (Android 14),,,4.9,32705,True,https://www.thegioididong.com/dtdd/xiaomi-redmi-13x,TGDD,03/2025,2025-08-25 23:06:18
331206,Điện thoại Samsung Galaxy A16 8GB/256GB,5290000,Samsung,Smartphone,Android 14,,,4.9,42325,True,https://www.thegioididong.com/dtdd/samsung-galaxy-a16,TGDD,11/2024,2025-08-25 23:06:18
329149,Điện thoại iPhone 16 Pro Max 256GB,30090000,iPhone (Apple),Smartphone,iOS 18,,,4.9,242482,True,https://www.thegioididong.com/dtdd/iphone-16-pro-max,TGDD,09/2024,2025-08-25 23:06:18
335176,Điện thoại Samsung Galaxy A56 5G 8GB/256GB,10290000,Samsung,Smartphone,Android 15,,,4.9,45707,True,https://www.thegioididong.com/dtdd/samsung-galaxy-a56-8gb-256gb,TGDD,03/2025,2025-08-25 23:06:18
265311,Điện thoại Masstel IZI 10,410000,Masstel,Phone,,,,4.9,284647,True,https://www.thegioididong.com/dtdd/masstel-izi-10,TGDD,12/2021,2025-08-25 23:06:18
325136,Điện thoại vivo V30e 5G 12GB/256GB,10300000,vivo,Smartphone,Android 14,,,4.9,4497,True,https://www.thegioididong.com/dtdd/vivo-v30e-12gb,TGDD,05/2024,2025-08-25 23:06:18
337847,Điện thoại OPPO A5x 4GB/128GB,4220000,OPPO,Smartphone,Android 15,,,4.9,26780,True,https://www.thegioididong.com/dtdd/oppo-a5x-4gb-128gb,TGDD,06/2025,2025-08-25 23:06:18
289472,Laptop MacBook Air 13 inch M2 16GB/256GB,19590000,MacBook,Laptop,macOS,Apple M2,Card tích hợp - 8 nhân GPU,4.9,7377,True,https://www.thegioididong.com/laptop/apple-macbook-air-m2-2022-16gb-256gb,TGDD,6/2022,2025-08-25 23:06:18
339244,Điện thoại HONOR 400 5G 12GB/512GB,14030000,HONOR,Smartphone,Android 15,,,5.0,152,True,https://www.thegioididong.com/dtdd/honor-400-512gb,TGDD,06/2025,2025-08-25 23:06:18
320730,Điện thoại Xiaomi Redmi Note 14 Pro 8GB/256GB,7850000,Xiaomi,Smartphone,Xiaomi HyperOS (Android 14),,,4.9,58077,True,https://www.thegioididong.com/dtdd/xiaomi-redmi-note-14-pro,TGDD,01/2025,2025-08-25 23:06:18
329007,Điện thoại Xiaomi Redmi 14C 4GB/128GB,3130000,Xiaomi,Smartphone,Android 14,,,4.9,26954,True,https://www.thegioididong.com/dtdd/xiaomi-redmi-14c-4gb-128gb,TGDD,08/2024,2025-08-25 23:06:18
331512,Điện thoại HONOR X7c 8GB/256GB,5400000,HONOR,Smartphone,Android 14,,,4.9,7661,True,https://www.thegioididong.com/dtdd/honor-x7c,TGDD,11/2024,2025-08-25 23:06:18
335229,Điện thoại vivo Y04 6GB/128GB,3920000,vivo,Smartphone,Android 14,,,5.0,1100,True,https://www.thegioididong.com/dtdd/vivo-y04-6gb-128gb,TGDD,04/2025,2025-08-25 23:06:18
339177,Điện thoại OPPO Reno14 F 5G 12GB/256GB,11290000,OPPO,Smartphone,Android 15,,,,,True,https://www.thegioididong.com/dtdd/oppo-reno14-f-5g-12gb-256gb,TGDD,07/2025,2025-08-25 23:06:18
329787,"Laptop MSI Prestige 14 AI Studio C1UDXG - 058VN (Ultra 7 155H, 16GB, 1TB, RTX 3050 6GB, Full HD+ 144Hz, Win11)",29190000,MSI,Laptop,Windows 11 Home SL,Intel Core Ultra 7 Meteor Lake - 155H,"Card rời - NVIDIA GeForce RTX 3050, 6 GB",5.0,40,True,https://www.thegioididong.com/laptop/msi-prestige-14-ai-studio-c1udxg-ultra-7-058vn,TGDD,2024,2025-08-25 23:06:18
332368,"Laptop Lenovo ThinkBook 14 G7 - 21MR0070VN (Ultra 7 155U, 32GB, 1TB, WUXGA, Win11)",27790000,Lenovo,Laptop,Windows 11 Home SL,Intel Core Ultra 7 Meteor Lake - 155U,Card tích hợp - Intel Graphics,5.0,62,True,https://www.thegioididong.com/laptop/lenovo-thinkbook-14-g7-ultra-7-21mr0070vn,TGDD,2024,2025-08-25 23:06:18
318163,"Laptop HP Gaming VICTUS 15 fa1139TX - 8Y6W3PA (i5 12450H, 16GB, 512GB, RTX 2050 4GB, Full HD 144Hz, Win11)",17190000,HP,Laptop,Windows 11 Home SL,Intel Core i5 Alder Lake - 12450H,"Card rời - NVIDIA GeForce RTX 2050, 4 GB",4.9,3815,True,https://www.thegioididong.com/laptop/hp-victus-15-fa1139tx-i5-8y6w3pa,TGDD,2023,2025-08-25 23:06:18
329890,Điện thoại Xiaomi 14T Pro 5G 12GB/512GB,14870000,Xiaomi,Smartphone,Xiaomi HyperOS (Android 14),,,4.9,6248,True,https://www.thegioididong.com/dtdd/xiaomi-14t-pro-12gb-512gb,TGDD,09/2024,2025-08-25 23:06:18
337844,"Laptop GIGABYTE Gaming G6X 9KG C6LG - 9RC6L9KGHSJIX1VN000 (i7 13650HX, 16GB, 1TB, RTX 4060 8GB, WUXGA 165Hz, Win11)",31390000,GIGABYTE,Laptop,Windows 11 Home SL,Intel Core i7 Raptor Lake - 13650HX,"Card rời - NVIDIA GeForce RTX 4060, 8 GB",5.0,1,True,https://www.thegioididong.com/laptop/gigabyte-g6x-9kg-c6lg-i7-9rc6l9kghsjix1vn000,TGDD,2024,2025-08-25 23:06:18
333479,Điện thoại HONOR X9c 5G 12GB/256GB,8690000,HONOR,Smartphone,Android 14,,,4.9,3006,True,https://www.thegioididong.com/dtdd/honor-x9c,TGDD,01/2025,2025-08-25 23:06:18
336618,Điện thoại realme 14T 5G 12GB/256GB,8830000,realme,Smartphone,Android 15,,,5.0,2710,True,https://www.thegioididong.com/dtdd/realme-14t-5g,TGDD,05/2025,2025-08-25 23:06:18
322100,"Laptop MSI Gaming Sword 16 HX B14VFKG - 045VN (i7 14700HX, 16GB, 1TB, RTX 4060 8GB, QHD+ 240Hz, Win11)",36690000,MSI,Laptop,Windows 11 Home SL,Intel Core i7 Raptor Lake - 14700HX,"Card rời - NVIDIA GeForce RTX 4060, 8 GB",4.9,191,True,https://www.thegioididong.com/laptop/msi-gaming-sword-16-hx-b14vfkg-i7-045vn,TGDD,2024,2025-08-25 23:06:18
329865,Điện thoại Tecno Spark GO 1 3GB/64GB,2160000,Tecno,Smartphone,Android 14 Go,,,4.9,19364,True,https://www.thegioididong.com/dtdd/tecno-spark-go-1,TGDD,09/2024,2025-08-25 23:06:18
334932,Điện thoại Samsung Galaxy A56 5G 12GB/256GB,11280000,Samsung,Smartphone,Android 15,,,4.9,29317,True,https://www.thegioididong.com/dtdd/samsung-galaxy-a56,TGDD,03/2025,2025-08-25 23:06:18
337233,"Laptop Lenovo Ideapad Slim 3 14IRH10 - 83K0000CVN (i5 13420H, 24GB, 512GB, WUXGA OLED, Win11)",18990000,Lenovo,Laptop,Windows 11 Home SL,Intel Core i5 Raptor Lake - 13420H,Intel UHD Graphics,5.0,693,True,https://www.thegioididong.com/laptop/lenovo-ideapad-slim-3-oled-14irh10-i5-83k0000cvn,TGDD,2025,2025-08-25 23:06:18
334933,Điện thoại Samsung Galaxy A06 5G 4GB/128GB,3720000,Samsung,Smartphone,Android 15,,,5.0,2166,True,https://www.thegioididong.com/dtdd/samsung-galaxy-a06-5g,TGDD,03/2025,2025-08-25 23:06:18
319665,Điện thoại Samsung Galaxy S24 5G 8GB/256GB,17510000,Samsung,Smartphone,Android 14,,,4.9,16095,True,https://www.thegioididong.com/dtdd/samsung-galaxy-s24-256gb-5g,TGDD,01/2024,2025-08-25 23:06:18
333102,"Laptop Dell Inspiron 15 3520 - N3520-i7U165W11BLU-FP (i7 1255U, 16GB, 512GB, Full HD 120Hz, OfficeHS, Win11)",18990000,Dell,Laptop,Windows 11 Home SL + Office Home 2024 vĩnh viễn + Microsoft 365 Basic,Intel Core i7 Alder Lake - 1255U,Intel Iris Xe Graphics,5.0,922,True,https://www.thegioididong.com/laptop/dell-inspiron-15-3520-i7-n3520i7u165w11blufp,TGDD,2024,2025-08-25 23:06:18
333574,Điện thoại OPPO Reno13 F 5G 12GB/512GB,10780000,OPPO,Smartphone,Android 15,,,4.9,31967,True,https://www.thegioididong.com/dtdd/oppo-reno13-f-5g-12gb-512gb,TGDD,01/2025,2025-08-25 23:06:18
342406,Điện thoại OPPO A5i 6GB/128GB,4490000,OPPO,Smartphone,Android 14,,,,,True,https://www.thegioididong.com/dtdd/oppo-a5i-6gb-128gb,TGDD,07/2025,2025-08-25 23:06:18
322877,Điện thoại Masstel IZI T6 4G,500000,Masstel,Phone,,,,4.9,97927,True,https://www.thegioididong.com/dtdd/masstel-izi-t6,TGDD,04/2024,2025-08-25 23:06:18
331206,Điện thoại Samsung Galaxy A16 8GB/256GB,5290000,Samsung,Smartphone,Android 14,,,4.9,42325,True,https://www.thegioididong.com/dtdd/samsung-galaxy-a16,TGDD,11/2024,2025-08-25 23:06:18
329150,Điện thoại iPhone 16 Pro Max 512GB,36790000,iPhone (Apple),Smartphone,iOS 18,,,5.0,32230,True,https://www.thegioididong.com/dtdd/iphone-16-pro-max-512gb,TGDD,09/2024,2025-08-25 23:06:18
341563,"Laptop Dell Gaming Alienware 16 Aurora AC16250 - 71072939 (Core 5 210H, 16GB, 512GB, RTX 3050 6GB, WQXGA 120Hz, OfficeH24+365, Win11)",29490000,Dell,Laptop,Windows 11 Home SL + Office Home 2024 + Microsoft 365 Basic 1 năm,Intel Core 5 Raptor Lake - 210H,"Card rời - NVIDIA GeForce RTX 3050, 6 GB",5.0,7,True,https://www.thegioididong.com/laptop/dell-alienware-16-aurora-ac16250-core-5-210h-71072939,TGDD,2025,2025-08-25 23:06:18
207956,Điện thoại Nokia 220 4G,980000,Nokia,Smartphone,S30+,,,4.9,60220,True,https://www.thegioididong.com/dtdd/nokia-220-4g,TGDD,06/2024,2025-08-25 23:06:18
339243,Điện thoại HONOR 400 5G 12GB/256GB Vàng,13050000,HONOR,Smartphone,Android 15,,,5.0,182,True,https://www.thegioididong.com/dtdd/honor-400,TGDD,06/2025,2025-08-25 23:06:18
337741,Điện thoại realme C71 4GB/128GB,3920000,realme,Smartphone,Android 15,,,4.9,8012,True,https://www.thegioididong.com/dtdd/realme-c71,TGDD,06/2025,2025-08-25 23:06:18
338920,Điện thoại vivo Y19s Pro 4GB/128GB,4410000,vivo,Smartphone,Android 15,,,5.0,4624,True,https://www.thegioididong.com/dtdd/vivo-y19s-pro,TGDD,06/2025,2025-08-25 23:06:18
341602,"Laptop Acer Aspire Lite 16 AI AL16 71P 5674 - NX.D4XSV.001 (Ultra 5 125H, 16GB, 512GB, Full HD+, Win11)",17690000,Acer,Laptop,Windows 11 Home SL,Intel Core Ultra 5 Meteor Lake - 125H,Card tích hợp - Intel Arc Graphics,5.0,5,True,https://www.thegioididong.com/laptop/acer-aspire-lite-16-ai-al16-71p-5674-ultra-5-125h-nx-d4xsv-001,TGDD,2025,2025-08-25 23:06:18
329008,Điện thoại Xiaomi Redmi 14C 6GB/128GB,3230000,Xiaomi,Smartphone,Android 14,,,4.9,62021,True,https://www.thegioididong.com/dtdd/xiaomi-redmi-14c-6gb-128gb,TGDD,08/2024,2025-08-25 23:06:18
310449,"Laptop MSI Modern 15 B12MO - 625VN (i5 1235U, 8GB, 512GB, Full HD, Win11)",11490000,MSI,Laptop,Windows 11 Home SL,Intel Core i5 Alder Lake - 1235U,Intel Iris Xe Graphics,4.9,2071,True,https://www.thegioididong.com/laptop/msi-modern-15-b12mo-i5-625vn,TGDD,2023,2025-08-25 23:06:18
332365,"Laptop Lenovo Gaming LOQ 15IAX9E - 83LK000BVN (i5 12450HX, 16GB, 512GB, RTX 2050 4GB, Full HD 144Hz, Win11)",17990000,Lenovo,Laptop,Windows 11 Home SL,Intel Core i5 Alder Lake - 12450HX,"Card rời - NVIDIA GeForce RTX 2050, 4 GB",4.9,2346,True,https://www.thegioididong.com/laptop/lenovo-loq-15iax9e-i5-83lk000bvn,TGDD,2024,2025-08-25 23:06:18
281570,Điện thoại iPhone 15 128GB,15290000,iPhone (Apple),Smartphone,iOS 17,,,4.9,88917,True,https://www.thegioididong.com/dtdd/iphone-15,TGDD,09/2023,2025-08-25 23:06:18
335174,Điện thoại Samsung Galaxy A36 5G 8GB/256GB,8630000,Samsung,Smartphone,Android 15,,,4.9,26913,True,https://www.thegioididong.com/dtdd/samsung-galaxy-a36-8gb-256gb,TGDD,03/2025,2025-08-25 23:06:18
329140,Điện thoại iPhone 16 Plus 256GB,25290000,iPhone (Apple),Smartphone,iOS 18,,,4.9,6336,True,https://www.thegioididong.com/dtdd/iphone-16-plus-256gb,TGDD,09/2024,2025-08-25 23:06:18
340481,"Laptop HP Pavilion X360 14 ek2013TU - 9Z2V4PA (Core 7 150U, 16GB, 512GB, Full HD, Cảm ứng, Win11)",23790000,HP,Laptop,Windows 11 Home SL,Intel Core 7 Raptor Lake - 150U,Card tích hợp - Intel Graphics,5.0,41,True,https://www.thegioididong.com/laptop/hp-pavilion-x360-14-ek2013tu-core-7-9z2v4pa,TGDD,2024,2025-08-25 23:06:18
333364,Điện thoại Samsung Galaxy S25 5G 12GB/512GB,21690000,Samsung,Smartphone,Android 15,,,5.0,300,True,https://www.thegioididong.com/dtdd/samsung-galaxy-s25-512gb,TGDD,01/2025,2025-08-25 23:06:18
329008,Điện thoại Xiaomi Redmi 14C 6GB/128GB,3230000,Xiaomi,Smartphone,Android 14,,,4.9,62021,True,https://www.thegioididong.com/dtdd/xiaomi-redmi-14c-6gb-128gb,TGDD,08/2024,2025-08-25 23:06:18
333363,Điện thoại Samsung Galaxy S25 5G 12GB/256GB,18090000,Samsung,Smartphone,Android 15,,,4.9,3789,True,https://www.thegioididong.com/dtdd/samsung-galaxy-s25,TGDD,01/2025,2025-08-25 23:06:18
340220,Điện thoại HONOR X6c 6GB/128GB,4190000,HONOR,Smartphone,Android 15,,,5.0,874,True,https://www.thegioididong.com/dtdd/honor-x6c-6gb-128gb,TGDD,07/2025,2025-08-25 23:06:18
334169,Điện thoại Xiaomi 15 Ultra 5G 16GB/512GB,31990000,Xiaomi,Smartphone,Xiaomi HyperOS 2,,,5.0,509,True,https://www.thegioididong.com/dtdd/xiaomi-15-ultra,TGDD,03/2025,2025-08-25 23:06:18
329959,Điện thoại vivo V40 Lite 8GB/256GB,8340000,vivo,Smartphone,Android 14,,,4.9,37297,True,https://www.thegioididong.com/dtdd/vivo-v40-lite-8gb-256gb,TGDD,10/2024,2025-08-25 23:06:18
339244,Điện thoại HONOR 400 5G 12GB/512GB,14030000,HONOR,Smartphone,Android 15,,,5.0,152,True,https://www.thegioididong.com/dtdd/honor-400-512gb,TGDD,06/2025,2025-08-25 23:06:18
329676,Điện thoại Nokia HMD 105 4G,640000,Nokia,Phone,,,,4.9,53897,True,https://www.thegioididong.com/dtdd/nokia-hmd-105-4g,TGDD,09/2024,2025-08-25 23:06:18
320729,Điện thoại Xiaomi Redmi Note 14 6GB/128GB,4900000,Xiaomi,Smartphone,Xiaomi HyperOS (Android 14),,,4.9,11453,True,https://www.thegioididong.com/dtdd/xiaomi-redmi-note-14,TGDD,01/2025,2025-08-25 23:06:18
333279,Điện thoại Samsung Galaxy A16 4GB/128GB,4200000,Samsung,Smartphone,Android 14,,,4.9,2418,True,https://www.thegioididong.com/dtdd/samsung-galaxy-a16-4gb-128gb,TGDD,11/2024,2025-08-25 23:06:18
317712,"Laptop Asus Vivobook 14 X1404ZA - NK246W (i3 1215U, 8GB, 512GB, Full HD, Win11)",10490000,Asus,Laptop,Windows 11 Home SL,1215U,Intel UHD Graphics,4.9,6752,True,https://www.thegioididong.com/laptop/asus-vivobook-x1404za-i3-nk246w,TGDD,2023,2025-08-25 23:06:18
335553,"Laptop Lenovo Gaming LOQ 15IRX9 - 83DV00PSVN (i5 13450HX, 24GB, 512GB, RTX 3050 6GB, Full HD 144Hz, Win11)",23790000,Lenovo,Laptop,Windows 11 Home SL,Intel Core i5 Raptor Lake - 13450HX,"Card rời - NVIDIA GeForce RTX 3050, 6 GB",5.0,408,True,https://www.thegioididong.com/laptop/lenovo-loq-15irx9-i5-83dv00psvn,TGDD,2024,2025-08-25 23:06:18
317704,"Laptop Asus Vivobook 14 X1404V - NK050W (i5 1335U, 16GB, 512GB, Full HD, Win11)",15390000,Asus,Laptop,Windows 11 Home SL,Intel Core i5 Raptor Lake - 1335U,Intel Iris Xe Graphics,4.9,3768,True,https://www.thegioididong.com/laptop/asus-vivobook-14-x1404va-i5-nk050w,TGDD,2023,2025-08-25 23:06:18
329138,Điện thoại iPhone 16 Plus 128GB,22190000,iPhone (Apple),Smartphone,iOS 18,,,4.9,18293,True,https://www.thegioididong.com/dtdd/iphone-16-plus,TGDD,09/2024,2025-08-25 23:06:18
338919,Điện thoại vivo Y19s Pro 6GB/128GB,4900000,vivo,Smartphone,Android 15,,,5.0,6851,True,https://www.thegioididong.com/dtdd/vivo-y19s-pro-6gb,TGDD,06/2025,2025-08-25 23:06:18
321467,"Laptop HP Gaming VICTUS 15 fb1022AX - 94F19PA (R5 7535HS, 16GB, 512GB, RTX 2050 4GB, Full HD 144Hz, Win11)",16490000,HP,Laptop,Windows 11 Home SL,AMD Ryzen 5 - 7535HS,"Card rời - NVIDIA GeForce RTX 2050, 4 GB",5.0,3527,True,https://www.thegioididong.com/laptop/hp-victus-15-fb1022ax-r5-94f19pa,TGDD,2023,2025-08-25 23:06:18
331985,Điện thoại vivo V40 5G 12GB/256GB,12760000,vivo,Smartphone,Android 14,,,4.9,5887,True,https://www.thegioididong.com/dtdd/vivo-v40-5g,TGDD,11/2024,2025-08-25 23:06:18
281570,Điện thoại iPhone 15 128GB,15290000,iPhone (Apple),Smartphone,iOS 17,,,4.9,88917,True,https://www.thegioididong.com/dtdd/iphone-15,TGDD,09/2023,2025-08-25 23:06:18
311034,Điện thoại Nokia 110 4G Pro,740000,Nokia,Phone,Series 30+,,,4.9,64131,True,https://www.thegioididong.com/dtdd/nokia-110-4g-pro,TGDD,07/2023,2025-08-25 23:06:18
327189,Điện thoại OPPO Reno12 F 5G 8GB/256GB,8420000,OPPO,Smartphone,Android 14,,,4.9,5802,True,https://www.thegioididong.com/dtdd/oppo-reno12-f-5g-8gb-256gb,TGDD,07/2024,2025-08-25 23:06:18
325136,Điện thoại vivo V30e 5G 12GB/256GB,10300000,vivo,Smartphone,Android 14,,,4.9,4497,True,https://www.thegioididong.com/dtdd/vivo-v30e-12gb,TGDD,05/2024,2025-08-25 23:06:18
335918,Điện thoại Xiaomi Redmi A5 4GB/128GB,3240000,Xiaomi,Smartphone,Android 15,,,4.9,17609,True,https://www.thegioididong.com/dtdd/xiaomi-redmi-a5-4gb-128gb,TGDD,04/2025,2025-08-25 23:06:18
338311,"Laptop Dell Inspiron 15 3530 - N5I7216W1 (i7 1355U, 16GB, 512GB, Full HD 120Hz, OfficeH24+365, Win11)",20990000,Dell,Laptop,Windows 11 Home SL + Office Home 2024 vĩnh viễn + Microsoft 365 Basic,Intel Core i7 Raptor Lake - 1355U,Intel Iris Xe Graphics,5.0,617,True,https://www.thegioididong.com/laptop/dell-inspiron-15-3530-i7-n5i7216w1,TGDD,2025,2025-08-25 23:06:18
326477,Điện thoại Nokia 3210 4G,1570000,Nokia,Phone,S30+,,,4.9,16952,True,https://www.thegioididong.com/dtdd/nokia-3210-4g,TGDD,06/2024,2025-08-25 23:06:18
325479,"Laptop Asus Vivobook S 16 OLED S5606MA - MX050W (Ultra 5 125H, 16GB, 512GB, 3.2K OLED 120Hz, Win11)",23190000,Asus,Laptop,Windows 11 Home SL,Intel Core Ultra 5 Meteor Lake - 125H,Card tích hợp - Intel Arc Graphics,4.9,1330,True,https://www.thegioididong.com/laptop/asus-vivobook-s-16-oled-s5606ma-ultra-5-mx050w,TGDD,2024,2025-08-25 23:06:18
339245,Điện thoại HONOR 400 Lite 12GB/256GB,8630000,HONOR,Smartphone,Android 15,,,4.9,2080,True,https://www.thegioididong.com/dtdd/honor-400-lite,TGDD,06/2025,2025-08-25 23:06:18
336409,Điện thoại Masstel S9 6GB/256GB,2940000,Masstel,Smartphone,Android 14,,,4.9,1690,True,https://www.thegioididong.com/dtdd/masstel-s9,TGDD,04/2025,2025-08-25 23:06:18
335579,Điện thoại realme C75x 8GB/256GB,5690000,realme,Smartphone,Android 15,,,4.9,11309,True,https://www.thegioididong.com/dtdd/realme-c75x-256gb,TGDD,04/2025,2025-08-25 23:06:18
329328,Điện thoại realme Note 60 4GB/64GB,2540000,realme,Smartphone,Android 14,,,5.0,1818,True,https://www.thegioididong.com/dtdd/realme-note-60-4gb-64gb,TGDD,09/2024,2025-08-25 23:06:18
322789,Điện thoại Samsung Galaxy S24 FE 5G 8GB/128GB,12990000,Samsung,Smartphone,Android 14,,,4.9,5918,True,https://www.thegioididong.com/dtdd/samsung-galaxy-s24-fe,TGDD,09/2024,2025-08-25 23:06:18
303716,Điện thoại iPhone 15 256GB,18490000,iPhone (Apple),Smartphone,iOS 17,,,4.9,16621,True,https://www.thegioididong.com/dtdd/iphone-15-256gb,TGDD,09/2023,2025-08-25 23:06:18
330932,"Laptop MSI Gaming Thin 15 B13UC - 1411VN (i7 13620H, 32GB, 512GB, RTX 3050 4GB, Full HD 144Hz, Win11)",22090000,MSI,Laptop,Windows 11 Home SL,Intel Core i7 Raptor Lake - 13620H,"NVIDIA GeForce RTX 3050, 4 GB",4.9,496,True,https://www.thegioididong.com/laptop/msi-thin-15-b13uc-i7-1411vn,TGDD,2024,2025-08-25 23:06:18
335955,Điện thoại Samsung Galaxy S25 Edge 5G 12GB/512GB,25190000,Samsung,Smartphone,Android 15,,,4.9,520,True,https://www.thegioididong.com/dtdd/samsung-galaxy-s25-edge-5g-512gb,TGDD,05/2025,2025-08-25 23:06:18
272282,"Laptop Acer Gaming Nitro 5 Tiger AN515 58 52SP - NH.QFHSV.001 (i5 12500H, 8GB, 512GB, RTX 3050 4GB, Full HD 144Hz, Win11)",17990000,Acer,Laptop,Windows 11 Home SL,Intel Core i5 Alder Lake - 12500H,"NVIDIA GeForce RTX 3050, 4 GB",4.9,1482,True,https://www.thegioididong.com/laptop/acer-nitro-5-tiger-an515-58-52sp-i5-nhqfhsv001,TGDD,2022,2025-08-25 23:06:18
336625,Điện thoại realme 14 5G 8GB/256GB,9320000,realme,Smartphone,Android 15,,,5.0,502,True,https://www.thegioididong.com/dtdd/realme-14-5g-8gb,TGDD,05/2025,2025-08-25 23:06:18
334226,Điện thoại vivo Y29 8GB/128GB,6380000,vivo,Smartphone,Android 15,,,4.9,42987,True,https://www.thegioididong.com/dtdd/vivo-y29-8gb-128gb,TGDD,03/2025,2025-08-25 23:06:18
329143,Điện thoại iPhone 16 Pro 128GB,25090000,iPhone (Apple),Smartphone,iOS 18,,,4.9,26819,True,https://www.thegioididong.com/dtdd/iphone-16-pro,TGDD,09/2024,2025-08-25 23:06:18
334844,Điện thoại Xiaomi 15 Ultra 5G 16GB/512GB Trắng,32360000,Xiaomi,Smartphone,Xiaomi HyperOS 2,,,5.0,181,True,https://www.thegioididong.com/dtdd/xiaomi-15-ultra-trang,TGDD,03/2025,2025-08-25 23:06:18
337741,Điện thoại realme C71 4GB/128GB,3920000,realme,Smartphone,Android 15,,,4.9,8012,True,https://www.thegioididong.com/dtdd/realme-c71,TGDD,06/2025,2025-08-25 23:06:18
